JVM info: Eclipse Adoptium - 21.0.9 - 21.0.9+10-LTS
java.net.preferIPv4Stack=true
Current Time: 05/09/2026 23:33:53
Host: files.minecraftforge.net [104.21.58.163, 172.67.161.211]
Host: maven.minecraftforge.net [104.21.58.163, 172.67.161.211]
Host: libraries.minecraft.net [150.171.109.101]
Host: launchermeta.mojang.com [150.171.109.100]
Host: piston-meta.mojang.com [150.171.109.101]
Host: sessionserver.mojang.com [150.171.109.107]
Host: authserver.mojang.com [Unknown]
Target Directory: E:\Das SPRING\instances\forge26.2\.minecraft
Data kindly mirrored by Forge at https://files.minecraftforge.net/
Extracting json
Considering minecraft client jar
Downloading libraries
Found 0 additional library directories
Considering library net.minecraftforge:forge:26.2-65.0.3:universal
  File exists: Checksum validated.
Considering library net.minecraftforge:forge:26.2-65.0.3:client
  Invalid library, missing url
Considering library net.minecraftforge:JarJarFileSystems:0.4.2
  File exists: Checksum validated.
Considering library net.minecraftforge:roimfs:1.0.0
  File exists: Checksum validated.
Considering library com.google.guava:guava:33.5.0-jre
  File exists: Checksum validated.
Considering library com.google.guava:failureaccess:1.0.3
  File exists: Checksum validated.
Considering library net.minecraftforge:securemodules:2.2.24
  File exists: Checksum validated.
Considering library net.minecraftforge:unsafe:0.9.2
  File exists: Checksum validated.
Considering library org.ow2.asm:asm:9.9.1
  File exists: Checksum validated.
Considering library org.ow2.asm:asm-tree:9.9.1
  File exists: Checksum validated.
Considering library org.ow2.asm:asm-util:9.9.1
  File exists: Checksum validated.
Considering library org.ow2.asm:asm-commons:9.9.1
  File exists: Checksum validated.
Considering library org.ow2.asm:asm-analysis:9.9.1
  File exists: Checksum validated.
Considering library net.minecraftforge:bootstrap:2.1.8
  File exists: Checksum validated.
Considering library net.minecraftforge:bootstrap-api:2.1.8
  File exists: Checksum validated.
Considering library net.minecraftforge:accesstransformers:8.2.2
  File exists: Checksum validated.
Considering library net.minecraftforge:eventbus:7.0.1
  File exists: Checksum validated.
Considering library org.jspecify:jspecify:1.0.0
  File exists: Checksum validated.
Considering library net.minecraftforge:forgespi:8.0.0
  File exists: Checksum validated.
Considering library net.minecraftforge:coremods-api:5.3.0
  File exists: Checksum validated.
Considering library net.minecraftforge:modlauncher:10.2.4
  File exists: Checksum validated.
Considering library net.minecraftforge:mergetool-api:1.0
  File exists: Checksum validated.
Considering library com.electronwill.night-config:toml:3.7.4
  File exists: Checksum validated.
Considering library com.electronwill.night-config:core:3.7.4
  File exists: Checksum validated.
Considering library org.apache.maven:maven-artifact:3.8.8
  File exists: Checksum validated.
Considering library net.minecrell:terminalconsoleappender:1.2.0
  File exists: Checksum validated.
Considering library org.jline:jline-reader:3.25.1
  File exists: Checksum validated.
Considering library org.jline:jline-terminal:3.25.1
  File exists: Checksum validated.
Considering library org.jline:jline-terminal-jna:3.25.1
  File exists: Checksum validated.
Considering library org.spongepowered:mixin:0.8.7
  File exists: Checksum validated.
Considering library io.github.llamalad7:mixinextras-forge:0.5.3
  File exists: Checksum validated.
Considering library net.minecraftforge:JarJarSelector:0.4.2
  File exists: Checksum validated.
Considering library net.minecraftforge:JarJarMetadata:0.4.2
  File exists: Checksum validated.
Considering library net.minecraftforge:fmlcore:26.2-65.0.3
  File exists: Checksum validated.
Considering library net.minecraftforge:fmlloader:26.2-65.0.3
  File exists: Checksum validated.
Considering library net.minecraftforge:fmlearlydisplay:26.2-65.0.3
  File exists: Checksum validated.
Considering library net.minecraftforge:javafmllanguage:26.2-65.0.3
  File exists: Checksum validated.
Considering library net.minecraftforge:lowcodelanguage:26.2-65.0.3
  File exists: Checksum validated.
Considering library net.minecraftforge:mclanguage:26.2-65.0.3
  File exists: Checksum validated.
Considering library net.minecraftforge:forge-transformers:26.2-65.0.3
  File exists: Checksum validated.
Considering library com.github.jponge:lzma-java:1.3
  Downloading library from https://maven.minecraftforge.net/com/github/jponge/lzma-java/1.3/lzma-java-1.3.jar
    Download completed: Checksum validated.
Considering library com.google.code.gson:gson:2.10.1
  Downloading library from https://libraries.minecraft.net/com/google/code/gson/gson/2.10.1/gson-2.10.1.jar
    Download completed: Checksum validated.
Considering library com.nothome:javaxdelta:2.0.1
  Downloading library from https://maven.minecraftforge.net/com/nothome/javaxdelta/2.0.1/javaxdelta-2.0.1.jar
    Download completed: Checksum validated.
Considering library de.siegmar:fastcsv:2.2.2
  Downloading library from https://maven.minecraftforge.net/de/siegmar/fastcsv/2.2.2/fastcsv-2.2.2.jar
    Download completed: Checksum validated.
Considering library net.minecraftforge:binarypatcher:1.3.4
  Downloading library from https://maven.minecraftforge.net/net/minecraftforge/binarypatcher/1.3.4/binarypatcher-1.3.4.jar
    Download completed: Checksum validated.
Considering library net.minecraftforge:forge:26.2-65.0.3:shim
  Extracting library from /maven/net/minecraftforge/forge/26.2-65.0.3/forge-26.2-65.0.3-shim.jar
    Extraction completed: Checksum validated.
Considering library net.minecraftforge:forge:26.2-65.0.3:universal
  File exists: Checksum validated.
Considering library net.minecraftforge:hash-utils:0.2.3
  Downloading library from https://maven.minecraftforge.net/net/minecraftforge/hash-utils/0.2.3/hash-utils-0.2.3.jar
    Download completed: Checksum validated.
Considering library net.minecraftforge:installertools:1.4.5
  Downloading library from https://maven.minecraftforge.net/net/minecraftforge/installertools/1.4.5/installertools-1.4.5.jar
    Download completed: Checksum validated.
Considering library net.minecraftforge:srgutils:0.6.2
  Downloading library from https://maven.minecraftforge.net/net/minecraftforge/srgutils/0.6.2/srgutils-0.6.2.jar
    Download completed: Checksum validated.
Considering library net.minecraftforge:srgutils:0.6.6
  Downloading library from https://maven.minecraftforge.net/net/minecraftforge/srgutils/0.6.6/srgutils-0.6.6.jar
    Download completed: Checksum validated.
Considering library net.sf.jopt-simple:jopt-simple:6.0-alpha-3
  Downloading library from https://maven.minecraftforge.net/net/sf/jopt-simple/jopt-simple/6.0-alpha-3/jopt-simple-6.0-alpha-3.jar
    Download completed: Checksum validated.
Considering library org.ow2.asm:asm-commons:9.9.1
  File exists: Checksum validated.
Considering library org.ow2.asm:asm-tree:9.9.1
  File exists: Checksum validated.
Considering library org.ow2.asm:asm:9.9.1
  File exists: Checksum validated.
Considering library trove:trove:1.0.2
  Downloading library from https://maven.minecraftforge.net/trove/trove/1.0.2/trove-1.0.2.jar
    Download completed: Checksum validated.
Created Temporary Directory: C:\Users\ASRock\AppData\Local\Temp\forge_installer18080631331162449314
  Extracting: /data/client.lzma
Building Processor
===============================================================================
  Cache: 
    E:\Das SPRING\instances\forge26.2\.minecraft\libraries\net\minecraftforge\forge\26.2-65.0.3\forge-26.2-65.0.3-client.jar Missing
  MainClass: net.minecraftforge.binarypatcher.ConsoleTool
  Classpath:
    E:\Das SPRING\instances\forge26.2\.minecraft\libraries\net\minecraftforge\binarypatcher\1.3.4\binarypatcher-1.3.4.jar
    E:\Das SPRING\instances\forge26.2\.minecraft\libraries\net\minecraftforge\hash-utils\0.2.3\hash-utils-0.2.3.jar
    E:\Das SPRING\instances\forge26.2\.minecraft\libraries\net\minecraftforge\srgutils\0.6.6\srgutils-0.6.6.jar
    E:\Das SPRING\instances\forge26.2\.minecraft\libraries\net\sf\jopt-simple\jopt-simple\6.0-alpha-3\jopt-simple-6.0-alpha-3.jar
    E:\Das SPRING\instances\forge26.2\.minecraft\libraries\com\github\jponge\lzma-java\1.3\lzma-java-1.3.jar
    E:\Das SPRING\instances\forge26.2\.minecraft\libraries\com\nothome\javaxdelta\2.0.1\javaxdelta-2.0.1.jar
    E:\Das SPRING\instances\forge26.2\.minecraft\libraries\trove\trove\1.0.2\trove-1.0.2.jar
  Args: --clean, "E:\Das SPRING\instances\forge26.2\.minecraft\versions\26.2\26.2.jar", --output, "E:\Das SPRING\instances\forge26.2\.minecraft\libraries\net\minecraftforge\forge\26.2-65.0.3\forge-26.2-65.0.3-client.jar", --apply, C:\Users\ASRock\AppData\Local\Temp\forge_installer18080631331162449314\data\client.lzma, --data, --unpatched, --store, --marker, .forge_patched_minecraft
Applying: 
  Clean:     E:\Das SPRING\instances\forge26.2\.minecraft\versions\26.2\26.2.jar
  Output:    E:\Das SPRING\instances\forge26.2\.minecraft\libraries\net\minecraftforge\forge\26.2-65.0.3\forge-26.2-65.0.3-client.jar
  KeepData:  true
  Unpatched: true
  Pack200:   false
  Legacy:    false
  Store:     true
  Marker:    .forge_patched_minecraft
Loading patches file: C:\Users\ASRock\AppData\Local\Temp\forge_installer18080631331162449314\data\client.lzma
  Loaded 1394 patches
Processing: E:\Das SPRING\instances\forge26.2\.minecraft\versions\26.2\26.2.jar
  Fixing Manifest
  Patching com/mojang/blaze3d/opengl/GlCommandEncoder 1/1
  Patching com/mojang/blaze3d/opengl/GlConst$1 1/1
  Patching com/mojang/blaze3d/opengl/GlConst 1/1
  Patching com/mojang/blaze3d/opengl/GlDebug$LogEntry 1/1
  Patching com/mojang/blaze3d/opengl/GlDebug 1/1
  Patching com/mojang/blaze3d/opengl/GlDevice$ShaderCompilationKey 1/1
  Patching com/mojang/blaze3d/opengl/GlDevice 1/1
  Patching com/mojang/blaze3d/opengl/GlStateManager$BlendState 1/1
  Patching com/mojang/blaze3d/opengl/GlStateManager$BooleanState 1/1
  Patching com/mojang/blaze3d/opengl/GlStateManager$ColorLogicState 1/1
  Patching com/mojang/blaze3d/opengl/GlStateManager$CullState 1/1
  Patching com/mojang/blaze3d/opengl/GlStateManager$DepthState 1/1
  Patching com/mojang/blaze3d/opengl/GlStateManager$PolygonOffsetState 1/1
  Patching com/mojang/blaze3d/opengl/GlStateManager$ScissorState 1/1
  Patching com/mojang/blaze3d/opengl/GlStateManager$TextureState 1/1
  Patching com/mojang/blaze3d/opengl/GlStateManager 1/1
  Patching com/mojang/blaze3d/opengl/GlTexture 1/1
  Patching com/mojang/blaze3d/pipeline/RenderTarget 1/1
  Patching com/mojang/blaze3d/platform/Window$WindowInitFailed 1/1
  Patching com/mojang/blaze3d/platform/Window 1/1
  Patching com/mojang/blaze3d/systems/GpuDevice 1/1
  Patching com/mojang/blaze3d/systems/GpuDeviceBackend 1/1
  Patching com/mojang/blaze3d/textures/GpuTexture$Usage 1/1
  Patching com/mojang/blaze3d/textures/GpuTexture 1/1
  Patching com/mojang/blaze3d/vertex/PoseStack$Pose 1/1
  Patching com/mojang/blaze3d/vertex/PoseStack 1/1
  Patching com/mojang/blaze3d/vertex/VertexFormat$Builder 1/1
  Patching com/mojang/blaze3d/vertex/VertexFormat 1/1
  Patching com/mojang/realmsclient/gui/screens/RealmsGenericErrorScreen$ErrorMessage 1/1
  Patching com/mojang/realmsclient/gui/screens/RealmsGenericErrorScreen 1/1
  Patching com/mojang/realmsclient/gui/screens/RealmsResetWorldScreen$1 1/1
  Patching com/mojang/realmsclient/gui/screens/RealmsResetWorldScreen$FrameButton 1/1
  Patching com/mojang/realmsclient/gui/screens/RealmsResetWorldScreen 1/1
  Patching net/minecraft/client/Camera$NearPlane 1/1
  Patching net/minecraft/client/Camera 1/1
  Patching net/minecraft/client/ClientBrandRetriever 1/1
  Patching net/minecraft/client/DeltaTracker$DefaultValue 1/1
  Patching net/minecraft/client/DeltaTracker$Timer 1/1
  Patching net/minecraft/client/DeltaTracker 1/1
  Patching net/minecraft/client/KeyMapping$Category 1/1
  Patching net/minecraft/client/KeyMapping 1/1
  Patching net/minecraft/client/KeyboardHandler$1 1/1
  Patching net/minecraft/client/KeyboardHandler 1/1
  Patching net/minecraft/client/Minecraft$1 1/1
  Patching net/minecraft/client/Minecraft$2 1/1
  Patching net/minecraft/client/Minecraft 1/1
  Patching net/minecraft/client/MouseHandler$LastClick 1/1
  Patching net/minecraft/client/MouseHandler 1/1
  Patching net/minecraft/client/Options$1 1/1
  Patching net/minecraft/client/Options$2 1/1
  Patching net/minecraft/client/Options$3 1/1
  Patching net/minecraft/client/Options$4 1/1
  Patching net/minecraft/client/Options$5 1/1
  Patching net/minecraft/client/Options$FieldAccess 1/1
  Patching net/minecraft/client/Options$OptionAccess 1/1
  Patching net/minecraft/client/Options 1/1
  Patching net/minecraft/client/Screenshot 1/1
  Patching net/minecraft/client/ToggleKeyMapping 1/1
  Patching net/minecraft/client/color/block/BlockColors 1/1
  Patching net/minecraft/client/data/Main 1/1
  Patching net/minecraft/client/data/models/ItemModelGenerators$TrimMaterialData 1/1
  Patching net/minecraft/client/data/models/ItemModelGenerators 1/1
  Patching net/minecraft/client/data/models/ModelProvider$BlockStateGeneratorCollector 1/1
  Patching net/minecraft/client/data/models/ModelProvider$ItemInfoCollector 1/1
  Patching net/minecraft/client/data/models/ModelProvider$SimpleModelCollector 1/1
  Patching net/minecraft/client/data/models/ModelProvider 1/1
  Patching net/minecraft/client/gui/Font$DisplayMode 1/1
  Patching net/minecraft/client/gui/Font$GlyphVisitor 1/1
  Patching net/minecraft/client/gui/Font$PreparedText 1/1
  Patching net/minecraft/client/gui/Font$PreparedTextBuilder 1/1
  Patching net/minecraft/client/gui/Font$Provider 1/1
  Patching net/minecraft/client/gui/Font 1/1
  Patching net/minecraft/client/gui/Gui$1 1/1
  Patching net/minecraft/client/gui/Gui 1/1
  Patching net/minecraft/client/gui/GuiGraphicsExtractor$HoveredTextEffects 1/1
  Patching net/minecraft/client/gui/GuiGraphicsExtractor$RenderingTextCollector 1/1
  Patching net/minecraft/client/gui/GuiGraphicsExtractor$ScissorStack 1/1
  Patching net/minecraft/client/gui/GuiGraphicsExtractor 1/1
  Patching net/minecraft/client/gui/Hud$1DisplayEntry 1/1
  Patching net/minecraft/client/gui/Hud$ContextualInfo 1/1
  Patching net/minecraft/client/gui/Hud$HeartType 1/1
  Patching net/minecraft/client/gui/Hud 1/1
  Patching net/minecraft/client/gui/components/AbstractWidget$WithInactiveMessage 1/1
  Patching net/minecraft/client/gui/components/AbstractWidget 1/1
  Patching net/minecraft/client/gui/components/BossHealthOverlay$1 1/1
  Patching net/minecraft/client/gui/components/BossHealthOverlay 1/1
  Patching net/minecraft/client/gui/components/Button$Builder 1/1
  Patching net/minecraft/client/gui/components/Button$CreateNarration 1/1
  Patching net/minecraft/client/gui/components/Button$OnPress 1/1
  Patching net/minecraft/client/gui/components/Button$Plain 1/1
  Patching net/minecraft/client/gui/components/Button 1/1
  Patching net/minecraft/client/gui/components/debug/DebugEntryLookingAtEntity 1/1
  Patching net/minecraft/client/gui/components/toasts/ToastManager$1 1/1
  Patching net/minecraft/client/gui/components/toasts/ToastManager$ToastInstance 1/1
  Patching net/minecraft/client/gui/components/toasts/ToastManager 1/1
  Patching net/minecraft/client/gui/render/GuiRenderer$1 1/1
  Patching net/minecraft/client/gui/render/GuiRenderer$Draw 1/1
  Patching net/minecraft/client/gui/render/GuiRenderer 1/1
  Patching net/minecraft/client/gui/screens/ChatScreen$1 1/1
  Patching net/minecraft/client/gui/screens/ChatScreen$ChatConstructor 1/1
  Patching net/minecraft/client/gui/screens/ChatScreen$ExitReason 1/1
  Patching net/minecraft/client/gui/screens/ChatScreen 1/1
  Patching net/minecraft/client/gui/screens/ConnectScreen$1 1/1
  Patching net/minecraft/client/gui/screens/ConnectScreen$2 1/1
  Patching net/minecraft/client/gui/screens/ConnectScreen 1/1
  Patching net/minecraft/client/gui/screens/LoadingOverlay$LogoTexture 1/1
  Patching net/minecraft/client/gui/screens/LoadingOverlay 1/1
  Patching net/minecraft/client/gui/screens/MenuScreens$ScreenConstructor 1/1
  Patching net/minecraft/client/gui/screens/MenuScreens 1/1
  Patching net/minecraft/client/gui/screens/PauseScreen 1/1
  Patching net/minecraft/client/gui/screens/Screen$NarratableSearchResult 1/1
  Patching net/minecraft/client/gui/screens/Screen 1/1
  Patching net/minecraft/client/gui/screens/TitleScreen 1/1
  Patching net/minecraft/client/gui/screens/advancements/AdvancementTab 1/1
  Patching net/minecraft/client/gui/screens/advancements/AdvancementTabType$Sprites 1/1
  Patching net/minecraft/client/gui/screens/advancements/AdvancementTabType 1/1
  Patching net/minecraft/client/gui/screens/advancements/AdvancementsScreen 1/1
  Patching net/minecraft/client/gui/screens/inventory/AbstractContainerScreen 1/1
  Patching net/minecraft/client/gui/screens/inventory/CreativeModeInventoryScreen$CustomCreativeSlot 1/1
  Patching net/minecraft/client/gui/screens/inventory/CreativeModeInventoryScreen$ItemPickerMenu 1/1
  Patching net/minecraft/client/gui/screens/inventory/CreativeModeInventoryScreen$SlotWrapper 1/1
  Patching net/minecraft/client/gui/screens/inventory/CreativeModeInventoryScreen 1/1
  Patching net/minecraft/client/gui/screens/inventory/EffectsInInventory 1/1
  Patching net/minecraft/client/gui/screens/inventory/EnchantmentScreen 1/1
  Patching net/minecraft/client/gui/screens/inventory/HangingSignEditScreen 1/1
  Patching net/minecraft/client/gui/screens/inventory/tooltip/ClientTooltipComponent 1/1
  Patching net/minecraft/client/gui/screens/multiplayer/ServerSelectionList$1 1/1
  Patching net/minecraft/client/gui/screens/multiplayer/ServerSelectionList$Entry 1/1
  Patching net/minecraft/client/gui/screens/multiplayer/ServerSelectionList$LANHeader 1/1
  Patching net/minecraft/client/gui/screens/multiplayer/ServerSelectionList$NetworkServerEntry 1/1
  Patching net/minecraft/client/gui/screens/multiplayer/ServerSelectionList$OnlineServerEntry 1/1
  Patching net/minecraft/client/gui/screens/multiplayer/ServerSelectionList 1/1
  Patching net/minecraft/client/gui/screens/options/controls/KeyBindsList$CategoryEntry 1/1
  Patching net/minecraft/client/gui/screens/options/controls/KeyBindsList$Entry 1/1
  Patching net/minecraft/client/gui/screens/options/controls/KeyBindsList$KeyEntry 1/1
  Patching net/minecraft/client/gui/screens/options/controls/KeyBindsList 1/1
  Patching net/minecraft/client/gui/screens/options/controls/KeyBindsScreen 1/1
  Patching net/minecraft/client/gui/screens/packs/PackSelectionModel$Entry 1/1
  Patching net/minecraft/client/gui/screens/packs/PackSelectionModel$EntryBase 1/1
  Patching net/minecraft/client/gui/screens/packs/PackSelectionModel$SelectedPackEntry 1/1
  Patching net/minecraft/client/gui/screens/packs/PackSelectionModel$UnselectedPackEntry 1/1
  Patching net/minecraft/client/gui/screens/packs/PackSelectionModel 1/1
  Patching net/minecraft/client/gui/screens/packs/TransferableSelectionList$Entry 1/1
  Patching net/minecraft/client/gui/screens/packs/TransferableSelectionList$HeaderEntry 1/1
  Patching net/minecraft/client/gui/screens/packs/TransferableSelectionList$PackEntry 1/1
  Patching net/minecraft/client/gui/screens/packs/TransferableSelectionList 1/1
  Patching net/minecraft/client/gui/screens/worldselection/CreateWorldScreen$GameTab 1/1
  Patching net/minecraft/client/gui/screens/worldselection/CreateWorldScreen$MoreTab 1/1
  Patching net/minecraft/client/gui/screens/worldselection/CreateWorldScreen$WorldTab$1 1/1
  Patching net/minecraft/client/gui/screens/worldselection/CreateWorldScreen$WorldTab$2 1/1
  Patching net/minecraft/client/gui/screens/worldselection/CreateWorldScreen$WorldTab 1/1
  Patching net/minecraft/client/gui/screens/worldselection/CreateWorldScreen 1/1
  Patching net/minecraft/client/gui/screens/worldselection/PresetEditor 1/1
  Patching net/minecraft/client/gui/screens/worldselection/WorldCreationContext$DimensionsUpdater 1/1
  Patching net/minecraft/client/gui/screens/worldselection/WorldCreationContext$OptionsModifier 1/1
  Patching net/minecraft/client/gui/screens/worldselection/WorldCreationContext 1/1
  Patching net/minecraft/client/gui/screens/worldselection/WorldCreationUiState$SelectedGameMode 1/1
  Patching net/minecraft/client/gui/screens/worldselection/WorldCreationUiState$WorldTypeEntry 1/1
  Patching net/minecraft/client/gui/screens/worldselection/WorldCreationUiState 1/1
  Patching net/minecraft/client/gui/screens/worldselection/WorldOpenFlows$1Data 1/1
  Patching net/minecraft/client/gui/screens/worldselection/WorldOpenFlows 1/1
  Patching net/minecraft/client/gui/screens/worldselection/WorldSelectionList$Builder 1/1
  Patching net/minecraft/client/gui/screens/worldselection/WorldSelectionList$Entry 1/1
  Patching net/minecraft/client/gui/screens/worldselection/WorldSelectionList$EntryType 1/1
  Patching net/minecraft/client/gui/screens/worldselection/WorldSelectionList$LoadingHeader 1/1
  Patching net/minecraft/client/gui/screens/worldselection/WorldSelectionList$NoWorldsEntry 1/1
  Patching net/minecraft/client/gui/screens/worldselection/WorldSelectionList$WorldListEntry 1/1
  Patching net/minecraft/client/gui/screens/worldselection/WorldSelectionList 1/1
  Patching net/minecraft/client/main/Main$1 1/1
  Patching net/minecraft/client/main/Main$2 1/1
  Patching net/minecraft/client/main/Main$3 1/1
  Patching net/minecraft/client/main/Main 1/1
  Patching net/minecraft/client/model/HumanoidModel$1 1/1
  Patching net/minecraft/client/model/HumanoidModel$ArmPose$1 1/1
  Patching net/minecraft/client/model/HumanoidModel$ArmPose 1/1
  Patching net/minecraft/client/model/HumanoidModel 1/1
  Patching net/minecraft/client/model/geom/LayerDefinitions 1/1
  Patching net/minecraft/client/multiplayer/AccountProfileKeyPairManager 1/1
  Patching net/minecraft/client/multiplayer/ClientChunkCache$Storage 1/1
  Patching net/minecraft/client/multiplayer/ClientChunkCache 1/1
  Patching net/minecraft/client/multiplayer/ClientCommonPacketListenerImpl$CommonDialogAccess 1/1
  Patching net/minecraft/client/multiplayer/ClientCommonPacketListenerImpl$DeferredPacket 1/1
  Patching net/minecraft/client/multiplayer/ClientCommonPacketListenerImpl$PackConfirmScreen$PendingRequest 1/1
  Patching net/minecraft/client/multiplayer/ClientCommonPacketListenerImpl$PackConfirmScreen 1/1
  Patching net/minecraft/client/multiplayer/ClientCommonPacketListenerImpl 1/1
  Patching net/minecraft/client/multiplayer/ClientConfigurationPacketListenerImpl$1 1/1
  Patching net/minecraft/client/multiplayer/ClientConfigurationPacketListenerImpl$2 1/1
  Patching net/minecraft/client/multiplayer/ClientConfigurationPacketListenerImpl 1/1
  Patching net/minecraft/client/multiplayer/ClientHandshakePacketListenerImpl$State 1/1
  Patching net/minecraft/client/multiplayer/ClientHandshakePacketListenerImpl 1/1
  Patching net/minecraft/client/multiplayer/ClientLevel$ClientLevelData 1/1
  Patching net/minecraft/client/multiplayer/ClientLevel$EntityCallbacks 1/1
  Patching net/minecraft/client/multiplayer/ClientLevel 1/1
  Patching net/minecraft/client/multiplayer/ClientPacketListener$1 1/1
  Patching net/minecraft/client/multiplayer/ClientPacketListener$2 1/1
  Patching net/minecraft/client/multiplayer/ClientPacketListener$3 1/1
  Patching net/minecraft/client/multiplayer/ClientPacketListener$CommandCheckResult 1/1
  Patching net/minecraft/client/multiplayer/ClientPacketListener 1/1
  Patching net/minecraft/client/multiplayer/MultiPlayerGameMode 1/1
  Patching net/minecraft/client/multiplayer/PlayerInfo 1/1
  Patching net/minecraft/client/multiplayer/ServerData$ServerPackStatus 1/1
  Patching net/minecraft/client/multiplayer/ServerData$State 1/1
  Patching net/minecraft/client/multiplayer/ServerData$Type 1/1
  Patching net/minecraft/client/multiplayer/ServerData 1/1
  Patching net/minecraft/client/multiplayer/ServerStatusPinger$1 1/1
  Patching net/minecraft/client/multiplayer/ServerStatusPinger$2 1/1
  Patching net/minecraft/client/multiplayer/ServerStatusPinger 1/1
  Patching net/minecraft/client/multiplayer/SessionSearchTrees$Key 1/1
  Patching net/minecraft/client/multiplayer/SessionSearchTrees 1/1
  Patching net/minecraft/client/multiplayer/chat/ChatListener$Message 1/1
  Patching net/minecraft/client/multiplayer/chat/ChatListener 1/1
  Patching net/minecraft/client/multiplayer/resolver/AddressCheck$1 1/1
  Patching net/minecraft/client/multiplayer/resolver/AddressCheck 1/1
  Patching net/minecraft/client/particle/BlockMarker$Provider 1/1
  Patching net/minecraft/client/particle/BlockMarker 1/1
  Patching net/minecraft/client/particle/FireworkParticles$1 1/1
  Patching net/minecraft/client/particle/FireworkParticles$FlashProvider 1/1
  Patching net/minecraft/client/particle/FireworkParticles$OverlayParticle 1/1
  Patching net/minecraft/client/particle/FireworkParticles$SparkParticle 1/1
  Patching net/minecraft/client/particle/FireworkParticles$SparkProvider 1/1
  Patching net/minecraft/client/particle/FireworkParticles$Starter 1/1
  Patching net/minecraft/client/particle/FireworkParticles 1/1
  Patching net/minecraft/client/particle/FlyTowardsPositionParticle$EnchantProvider 1/1
  Patching net/minecraft/client/particle/FlyTowardsPositionParticle$NautilusProvider 1/1
  Patching net/minecraft/client/particle/FlyTowardsPositionParticle$VaultConnectionProvider 1/1
  Patching net/minecraft/client/particle/FlyTowardsPositionParticle 1/1
  Patching net/minecraft/client/particle/Particle$LifetimeAlpha 1/1
  Patching net/minecraft/client/particle/Particle 1/1
  Patching net/minecraft/client/particle/ParticleEngine 1/1
  Patching net/minecraft/client/particle/ParticleResources$1ParticleDefinition 1/1
  Patching net/minecraft/client/particle/ParticleResources$MutableSpriteSet 1/1
  Patching net/minecraft/client/particle/ParticleResources$SpriteParticleRegistration 1/1
  Patching net/minecraft/client/particle/ParticleResources 1/1
  Patching net/minecraft/client/particle/PortalParticle$Provider 1/1
  Patching net/minecraft/client/particle/PortalParticle 1/1
  Patching net/minecraft/client/particle/ReversePortalParticle$ReversePortalProvider 1/1
  Patching net/minecraft/client/particle/ReversePortalParticle 1/1
  Patching net/minecraft/client/particle/TerrainParticle$CrumblingProvider 1/1
  Patching net/minecraft/client/particle/TerrainParticle$DustPillarProvider 1/1
  Patching net/minecraft/client/particle/TerrainParticle$Provider 1/1
  Patching net/minecraft/client/particle/TerrainParticle 1/1
  Patching net/minecraft/client/particle/VibrationSignalParticle$Provider 1/1
  Patching net/minecraft/client/particle/VibrationSignalParticle 1/1
  Patching net/minecraft/client/player/AbstractClientPlayer 1/1
  Patching net/minecraft/client/player/LocalPlayer 1/1
  Patching net/minecraft/client/renderer/GameRenderer 1/1
  Patching net/minecraft/client/renderer/ItemInHandRenderer$1 1/1
  Patching net/minecraft/client/renderer/ItemInHandRenderer$HandRenderSelection 1/1
  Patching net/minecraft/client/renderer/ItemInHandRenderer 1/1
  Patching net/minecraft/client/renderer/LevelEventHandler 1/1
  Patching net/minecraft/client/renderer/LevelRenderer$1 1/1
  Patching net/minecraft/client/renderer/LevelRenderer$FinalizedGizmos 1/1
  Patching net/minecraft/client/renderer/LevelRenderer 1/1
  Patching net/minecraft/client/renderer/ScreenEffectRenderer 1/1
  Patching net/minecraft/client/renderer/Sheets$1 1/1
  Patching net/minecraft/client/renderer/Sheets 1/1
  Patching net/minecraft/client/renderer/SpriteCoordinateExpander 1/1
  Patching net/minecraft/client/renderer/block/FluidRenderer$1 1/1
  Patching net/minecraft/client/renderer/block/FluidRenderer$Output 1/1
  Patching net/minecraft/client/renderer/block/FluidRenderer 1/1
  Patching net/minecraft/client/renderer/block/ModelBlockRenderer 1/1
  Patching net/minecraft/client/renderer/block/dispatch/BlockStateModel$SimpleCachedUnbakedRoot$1 1/1
  Patching net/minecraft/client/renderer/block/dispatch/BlockStateModel$SimpleCachedUnbakedRoot 1/1
  Patching net/minecraft/client/renderer/block/dispatch/BlockStateModel$Unbaked 1/1
  Patching net/minecraft/client/renderer/block/dispatch/BlockStateModel$UnbakedRoot 1/1
  Patching net/minecraft/client/renderer/block/dispatch/BlockStateModel 1/1
  Patching net/minecraft/client/renderer/block/dispatch/WeightedVariants$Unbaked 1/1
  Patching net/minecraft/client/renderer/block/dispatch/WeightedVariants 1/1
  Patching net/minecraft/client/renderer/block/dispatch/multipart/MultiPartModel$Selector 1/1
  Patching net/minecraft/client/renderer/block/dispatch/multipart/MultiPartModel$SharedBakedState 1/1
  Patching net/minecraft/client/renderer/block/dispatch/multipart/MultiPartModel$Unbaked$1 1/1
  Patching net/minecraft/client/renderer/block/dispatch/multipart/MultiPartModel$Unbaked$1Key 1/1
  Patching net/minecraft/client/renderer/block/dispatch/multipart/MultiPartModel$Unbaked 1/1
  Patching net/minecraft/client/renderer/block/dispatch/multipart/MultiPartModel 1/1
  Patching net/minecraft/client/renderer/blockentity/BlockEntityRenderers 1/1
  Patching net/minecraft/client/renderer/blockentity/SkullBlockRenderer$1 1/1
  Patching net/minecraft/client/renderer/blockentity/SkullBlockRenderer 1/1
  Patching net/minecraft/client/renderer/chunk/RenderSectionRegion 1/1
  Patching net/minecraft/client/renderer/chunk/SectionCompiler$Results 1/1
  Patching net/minecraft/client/renderer/chunk/SectionCompiler 1/1
  Patching net/minecraft/client/renderer/culling/Frustum 1/1
  Patching net/minecraft/client/renderer/debug/EntityHitboxDebugRenderer 1/1
  Patching net/minecraft/client/renderer/entity/EntityRenderDispatcher 1/1
  Patching net/minecraft/client/renderer/entity/EntityRenderer 1/1
  Patching net/minecraft/client/renderer/entity/HumanoidMobRenderer 1/1
  Patching net/minecraft/client/renderer/entity/ItemFrameRenderer 1/1
  Patching net/minecraft/client/renderer/entity/LivingEntityRenderer$1 1/1
  Patching net/minecraft/client/renderer/entity/LivingEntityRenderer 1/1
  Patching net/minecraft/client/renderer/entity/layers/HumanoidArmorLayer 1/1
  Patching net/minecraft/client/renderer/entity/layers/WingsLayer 1/1
  Patching net/minecraft/client/renderer/entity/player/AvatarRenderer 1/1
  Patching net/minecraft/client/renderer/extract/LevelExtractor 1/1
  Patching net/minecraft/client/renderer/fog/FogRenderer$FogMode 1/1
  Patching net/minecraft/client/renderer/fog/FogRenderer 1/1
  Patching net/minecraft/client/renderer/rendertype/RenderTypes 1/1
  Patching net/minecraft/client/renderer/state/level/BlockBreakingRenderState 1/1
  Patching net/minecraft/client/renderer/state/level/BlockOutlineRenderState 1/1
  Patching net/minecraft/client/renderer/texture/MipmapGenerator 1/1
  Patching net/minecraft/client/renderer/texture/SpriteContents$AnimatedTexture 1/1
  Patching net/minecraft/client/renderer/texture/SpriteContents$AnimationState 1/1
  Patching net/minecraft/client/renderer/texture/SpriteContents$FrameInfo 1/1
  Patching net/minecraft/client/renderer/texture/SpriteContents 1/1
  Patching net/minecraft/client/renderer/texture/SpriteLoader$Preparations 1/1
  Patching net/minecraft/client/renderer/texture/SpriteLoader 1/1
  Patching net/minecraft/client/renderer/texture/Stitcher$Entry 1/1
  Patching net/minecraft/client/renderer/texture/Stitcher$Holder 1/1
  Patching net/minecraft/client/renderer/texture/Stitcher$Region 1/1
  Patching net/minecraft/client/renderer/texture/Stitcher$SpriteLoader 1/1
  Patching net/minecraft/client/renderer/texture/Stitcher 1/1
  Patching net/minecraft/client/renderer/texture/TextureAtlas 1/1
  Patching net/minecraft/client/renderer/texture/TextureAtlasSprite 1/1
  Patching net/minecraft/client/renderer/texture/atlas/SpriteResourceLoader 1/1
  Patching net/minecraft/client/resources/language/ClientLanguage 1/1
  Patching net/minecraft/client/resources/language/LanguageManager 1/1
  Patching net/minecraft/client/resources/model/BlockStateDefinitions 1/1
  Patching net/minecraft/client/resources/model/ModelBaker$Interner 1/1
  Patching net/minecraft/client/resources/model/ModelBaker$SharedOperationKey 1/1
  Patching net/minecraft/client/resources/model/ModelBaker 1/1
  Patching net/minecraft/client/resources/model/ModelDiscovery$ModelWrapper 1/1
  Patching net/minecraft/client/resources/model/ModelDiscovery$Slot 1/1
  Patching net/minecraft/client/resources/model/ModelDiscovery 1/1
  Patching net/minecraft/client/resources/model/ModelManager$BlockOnlyMaterialBaker 1/1
  Patching net/minecraft/client/resources/model/ModelManager$CombinedBlockItemMaterialBaker 1/1
  Patching net/minecraft/client/resources/model/ModelManager$ReloadState 1/1
  Patching net/minecraft/client/resources/model/ModelManager$ResolvedModels 1/1
  Patching net/minecraft/client/resources/model/ModelManager 1/1
  Patching net/minecraft/client/resources/model/ResolvedModel 1/1
  Patching net/minecraft/client/resources/model/UnbakedModel$GuiLight 1/1
  Patching net/minecraft/client/resources/model/UnbakedModel 1/1
  Patching net/minecraft/client/resources/model/cuboid/CuboidFace$Deserializer 1/1
  Patching net/minecraft/client/resources/model/cuboid/CuboidFace$UVs 1/1
  Patching net/minecraft/client/resources/model/cuboid/CuboidFace 1/1
  Patching net/minecraft/client/resources/model/cuboid/CuboidModel$Deserializer 1/1
  Patching net/minecraft/client/resources/model/cuboid/CuboidModel 1/1
  Patching net/minecraft/client/resources/model/cuboid/ItemModelGenerator$ItemLayerKey 1/1
  Patching net/minecraft/client/resources/model/cuboid/ItemModelGenerator$SideDirection 1/1
  Patching net/minecraft/client/resources/model/cuboid/ItemModelGenerator$SideFace 1/1
  Patching net/minecraft/client/resources/model/cuboid/ItemModelGenerator 1/1
  Patching net/minecraft/client/resources/model/cuboid/ItemTransform$Deserializer 1/1
  Patching net/minecraft/client/resources/model/cuboid/ItemTransform 1/1
  Patching net/minecraft/client/resources/model/cuboid/ItemTransforms$1 1/1
  Patching net/minecraft/client/resources/model/cuboid/ItemTransforms$Deserializer 1/1
  Patching net/minecraft/client/resources/model/cuboid/ItemTransforms 1/1
  Patching net/minecraft/client/resources/model/cuboid/UnbakedCuboidGeometry$1 1/1
  Patching net/minecraft/client/resources/model/cuboid/UnbakedCuboidGeometry 1/1
  Patching net/minecraft/client/resources/model/geometry/QuadCollection$Builder 1/1
  Patching net/minecraft/client/resources/model/geometry/QuadCollection 1/1
  Patching net/minecraft/client/resources/model/geometry/UnbakedGeometry 1/1
  Patching net/minecraft/client/resources/sounds/SoundInstance$Attenuation 1/1
  Patching net/minecraft/client/resources/sounds/SoundInstance 1/1
  Patching net/minecraft/client/server/IntegratedServer 1/1
  Patching net/minecraft/client/server/LanServerDetection$LanServerDetector 1/1
  Patching net/minecraft/client/server/LanServerDetection$LanServerList 1/1
  Patching net/minecraft/client/server/LanServerDetection 1/1
  Patching net/minecraft/client/server/LanServerPinger 1/1
  Patching net/minecraft/client/sounds/SoundEngine$PlayResult 1/1
  Patching net/minecraft/client/sounds/SoundEngine 1/1
  Patching com/mojang/math/Transformation 1/1
  Patching net/minecraft/CrashReport 1/1
  Patching net/minecraft/CrashReportCategory$Entry 1/1
  Patching net/minecraft/CrashReportCategory 1/1
  Patching net/minecraft/SharedConstants 1/1
  Patching net/minecraft/advancements/Advancement$Builder 1/1
  Patching net/minecraft/advancements/Advancement 1/1
  Patching net/minecraft/advancements/AdvancementRewards$Builder 1/1
  Patching net/minecraft/advancements/AdvancementRewards 1/1
  Patching net/minecraft/commands/CommandSourceStack 1/1
  Patching net/minecraft/commands/Commands$1 1/1
  Patching net/minecraft/commands/Commands$2$1 1/1
  Patching net/minecraft/commands/Commands$2 1/1
  Patching net/minecraft/commands/Commands$CommandSelection 1/1
  Patching net/minecraft/commands/Commands$ParseFunction 1/1
  Patching net/minecraft/commands/Commands 1/1
  Patching net/minecraft/commands/arguments/EntityArgument$Info$Template 1/1
  Patching net/minecraft/commands/arguments/EntityArgument$Info 1/1
  Patching net/minecraft/commands/arguments/EntityArgument 1/1
  Patching net/minecraft/commands/arguments/MessageArgument$Message 1/1
  Patching net/minecraft/commands/arguments/MessageArgument$Part 1/1
  Patching net/minecraft/commands/arguments/MessageArgument 1/1
  Patching net/minecraft/commands/arguments/ObjectiveArgument 1/1
  Patching net/minecraft/commands/arguments/TeamArgument 1/1
  Patching net/minecraft/commands/arguments/selector/EntitySelector$1 1/1
  Patching net/minecraft/commands/arguments/selector/EntitySelector$2 1/1
  Patching net/minecraft/commands/arguments/selector/EntitySelector 1/1
  Patching net/minecraft/commands/arguments/selector/EntitySelectorParser 1/1
  Patching net/minecraft/commands/synchronization/ArgumentTypeInfos 1/1
  Patching net/minecraft/core/BlockPos$1 1/1
  Patching net/minecraft/core/BlockPos$1Node 1/1
  Patching net/minecraft/core/BlockPos$2 1/1
  Patching net/minecraft/core/BlockPos$3 1/1
  Patching net/minecraft/core/BlockPos$4 1/1
  Patching net/minecraft/core/BlockPos$5 1/1
  Patching net/minecraft/core/BlockPos$6 1/1
  Patching net/minecraft/core/BlockPos$7 1/1
  Patching net/minecraft/core/BlockPos$8 1/1
  Patching net/minecraft/core/BlockPos$MutableBlockPos 1/1
  Patching net/minecraft/core/BlockPos$TraversalNodeStatus 1/1
  Patching net/minecraft/core/BlockPos 1/1
  Patching net/minecraft/core/DefaultedMappedRegistry 1/1
  Patching net/minecraft/core/Direction$Axis$1 1/1
  Patching net/minecraft/core/Direction$Axis$2 1/1
  Patching net/minecraft/core/Direction$Axis$3 1/1
  Patching net/minecraft/core/Direction$Axis 1/1
  Patching net/minecraft/core/Direction$AxisDirection 1/1
  Patching net/minecraft/core/Direction$Plane 1/1
  Patching net/minecraft/core/Direction 1/1
  Patching net/minecraft/core/Holder$Direct 1/1
  Patching net/minecraft/core/Holder$Kind 1/1
  Patching net/minecraft/core/Holder$Reference$Type 1/1
  Patching net/minecraft/core/Holder$Reference 1/1
  Patching net/minecraft/core/Holder 1/1
  Patching net/minecraft/core/HolderSet$1 1/1
  Patching net/minecraft/core/HolderSet$Direct 1/1
  Patching net/minecraft/core/HolderSet$ListBacked 1/1
  Patching net/minecraft/core/HolderSet$Named 1/1
  Patching net/minecraft/core/HolderSet 1/1
  Patching net/minecraft/core/MappedRegistry$1 1/1
  Patching net/minecraft/core/MappedRegistry$2 1/1
  Patching net/minecraft/core/MappedRegistry$3 1/1
  Patching net/minecraft/core/MappedRegistry$TagSet$1 1/1
  Patching net/minecraft/core/MappedRegistry$TagSet$2 1/1
  Patching net/minecraft/core/MappedRegistry$TagSet 1/1
  Patching net/minecraft/core/MappedRegistry 1/1
  Patching net/minecraft/core/Registry$1 1/1
  Patching net/minecraft/core/Registry$PendingTags 1/1
  Patching net/minecraft/core/Registry 1/1
  Patching net/minecraft/core/RegistrySetBuilder$1 1/1
  Patching net/minecraft/core/RegistrySetBuilder$1Entry 1/1
  Patching net/minecraft/core/RegistrySetBuilder$2 1/1
  Patching net/minecraft/core/RegistrySetBuilder$3$1 1/1
  Patching net/minecraft/core/RegistrySetBuilder$3 1/1
  Patching net/minecraft/core/RegistrySetBuilder$BuildState$1 1/1
  Patching net/minecraft/core/RegistrySetBuilder$BuildState 1/1
  Patching net/minecraft/core/RegistrySetBuilder$EmptyTagLookup 1/1
  Patching net/minecraft/core/RegistrySetBuilder$EmptyTagLookupWrapper 1/1
  Patching net/minecraft/core/RegistrySetBuilder$EmptyTagRegistryLookup 1/1
  Patching net/minecraft/core/RegistrySetBuilder$LazyHolder 1/1
  Patching net/minecraft/core/RegistrySetBuilder$PatchedRegistries 1/1
  Patching net/minecraft/core/RegistrySetBuilder$RegisteredValue 1/1
  Patching net/minecraft/core/RegistrySetBuilder$RegistryBootstrap 1/1
  Patching net/minecraft/core/RegistrySetBuilder$RegistryContents 1/1
  Patching net/minecraft/core/RegistrySetBuilder$RegistryStub 1/1
  Patching net/minecraft/core/RegistrySetBuilder$UniversalLookup 1/1
  Patching net/minecraft/core/RegistrySetBuilder$UniversalOwner 1/1
  Patching net/minecraft/core/RegistrySetBuilder$ValueAndHolder 1/1
  Patching net/minecraft/core/RegistrySetBuilder 1/1
  Patching net/minecraft/core/RegistrySynchronization$PackedRegistryEntry 1/1
  Patching net/minecraft/core/RegistrySynchronization 1/1
  Patching net/minecraft/core/dispenser/BoatDispenseItemBehavior 1/1
  Patching net/minecraft/core/dispenser/DispenseItemBehavior$1 1/1
  Patching net/minecraft/core/dispenser/DispenseItemBehavior$10 1/1
  Patching net/minecraft/core/dispenser/DispenseItemBehavior$11 1/1
  Patching net/minecraft/core/dispenser/DispenseItemBehavior$12 1/1
  Patching net/minecraft/core/dispenser/DispenseItemBehavior$13 1/1
  Patching net/minecraft/core/dispenser/DispenseItemBehavior$2 1/1
  Patching net/minecraft/core/dispenser/DispenseItemBehavior$3 1/1
  Patching net/minecraft/core/dispenser/DispenseItemBehavior$4 1/1
  Patching net/minecraft/core/dispenser/DispenseItemBehavior$5 1/1
  Patching net/minecraft/core/dispenser/DispenseItemBehavior$6 1/1
  Patching net/minecraft/core/dispenser/DispenseItemBehavior$7 1/1
  Patching net/minecraft/core/dispenser/DispenseItemBehavior$8 1/1
  Patching net/minecraft/core/dispenser/DispenseItemBehavior$9 1/1
  Patching net/minecraft/core/dispenser/DispenseItemBehavior 1/1
  Patching net/minecraft/core/dispenser/FlintAndSteelDispenseItemBehavior 1/1
  Patching net/minecraft/core/particles/BlockParticleOption 1/1
  Patching net/minecraft/core/registries/BuiltInRegistries$RegistryBootstrap 1/1
  Patching net/minecraft/core/registries/BuiltInRegistries 1/1
  Patching net/minecraft/core/registries/Registries 1/1
  Patching net/minecraft/data/DataGenerator$Cached 1/1
  Patching net/minecraft/data/DataGenerator$PackGenerator 1/1
  Patching net/minecraft/data/DataGenerator$Uncached 1/1
  Patching net/minecraft/data/DataGenerator 1/1
  Patching net/minecraft/data/HashCache$1 1/1
  Patching net/minecraft/data/HashCache$CacheUpdater 1/1
  Patching net/minecraft/data/HashCache$ProviderCache 1/1
  Patching net/minecraft/data/HashCache$ProviderCacheBuilder 1/1
  Patching net/minecraft/data/HashCache$UpdateFunction 1/1
  Patching net/minecraft/data/HashCache$UpdateResult 1/1
  Patching net/minecraft/data/HashCache 1/1
  Patching net/minecraft/data/Main 1/1
  Patching net/minecraft/data/advancements/AdvancementProvider 1/1
  Patching net/minecraft/data/loot/BlockLootSubProvider 1/1
  Patching net/minecraft/data/loot/EntityLootSubProvider 1/1
  Patching net/minecraft/data/loot/LootTableProvider$MissingTableProblem 1/1
  Patching net/minecraft/data/loot/LootTableProvider$SubProviderEntry 1/1
  Patching net/minecraft/data/loot/LootTableProvider 1/1
  Patching net/minecraft/data/recipes/RecipeOutput 1/1
  Patching net/minecraft/data/recipes/RecipeProvider$FamilyCraftingRecipeProvider 1/1
  Patching net/minecraft/data/recipes/RecipeProvider$FamilyStonecutterRecipeProvider 1/1
  Patching net/minecraft/data/recipes/RecipeProvider$Runner$1 1/1
  Patching net/minecraft/data/recipes/RecipeProvider$Runner 1/1
  Patching net/minecraft/data/recipes/RecipeProvider 1/1
  Patching net/minecraft/data/registries/RegistriesDatapackGenerator 1/1
  Patching net/minecraft/data/registries/RegistryPatchGenerator 1/1
  Patching net/minecraft/data/registries/VanillaRegistries 1/1
  Patching net/minecraft/data/tags/BannerPatternTagsProvider 1/1
  Patching net/minecraft/data/tags/BiomeTagsProvider 1/1
  Patching net/minecraft/data/tags/BlockItemTagAppender 1/1
  Patching net/minecraft/data/tags/BlockItemTagsProvider$1 1/1
  Patching net/minecraft/data/tags/BlockItemTagsProvider$2 1/1
  Patching net/minecraft/data/tags/BlockItemTagsProvider$CombinedAppender 1/1
  Patching net/minecraft/data/tags/BlockItemTagsProvider 1/1
  Patching net/minecraft/data/tags/DamageTypeTagsProvider 1/1
  Patching net/minecraft/data/tags/EnchantmentTagsProvider 1/1
  Patching net/minecraft/data/tags/EntityTypeTagsProvider 1/1
  Patching net/minecraft/data/tags/FlatLevelGeneratorPresetTagsProvider 1/1
  Patching net/minecraft/data/tags/FluidTagsProvider 1/1
  Patching net/minecraft/data/tags/GameEventTagsProvider 1/1
  Patching net/minecraft/data/tags/InstrumentTagsProvider 1/1
  Patching net/minecraft/data/tags/PaintingVariantTagsProvider 1/1
  Patching net/minecraft/data/tags/PoiTypeTagsProvider 1/1
  Patching net/minecraft/data/tags/StructureTagsProvider 1/1
  Patching net/minecraft/data/tags/TagAppender$1 1/1
  Patching net/minecraft/data/tags/TagAppender 1/1
  Patching net/minecraft/data/tags/TagsProvider$1CombinedData 1/1
  Patching net/minecraft/data/tags/TagsProvider$TagLookup 1/1
  Patching net/minecraft/data/tags/TagsProvider 1/1
  Patching net/minecraft/data/tags/VanillaBlockTagsProvider$1 1/1
  Patching net/minecraft/data/tags/VanillaBlockTagsProvider 1/1
  Patching net/minecraft/data/tags/VanillaEnchantmentTagsProvider 1/1
  Patching net/minecraft/data/tags/VanillaItemTagsProvider$1 1/1
  Patching net/minecraft/data/tags/VanillaItemTagsProvider 1/1
  Patching net/minecraft/data/tags/WorldPresetTagsProvider 1/1
  Patching net/minecraft/data/worldgen/BootstrapContext 1/1
  Patching net/minecraft/gametest/Main 1/1
  Patching net/minecraft/gametest/framework/GameTestHelper$1 1/1
  Patching net/minecraft/gametest/framework/GameTestHelper$2 1/1
  Patching net/minecraft/gametest/framework/GameTestHelper$3 1/1
  Patching net/minecraft/gametest/framework/GameTestHelper$4 1/1
  Patching net/minecraft/gametest/framework/GameTestHelper$TestBlockPlaceContext 1/1
  Patching net/minecraft/gametest/framework/GameTestHelper 1/1
  Patching net/minecraft/gametest/framework/GameTestMainUtil 1/1
  Patching net/minecraft/gametest/framework/GameTestServer$1 1/1
  Patching net/minecraft/gametest/framework/GameTestServer$MockProfileResolver 1/1
  Patching net/minecraft/gametest/framework/GameTestServer$MockUserNameToIdResolver 1/1
  Patching net/minecraft/gametest/framework/GameTestServer 1/1
  Patching net/minecraft/gametest/framework/TestCommand$TestBatchSummaryDisplayer 1/1
  Patching net/minecraft/gametest/framework/TestCommand$TestSummaryDisplayer 1/1
  Patching net/minecraft/gametest/framework/TestCommand 1/1
  Patching net/minecraft/locale/Language$1 1/1
  Patching net/minecraft/locale/Language 1/1
  Patching net/minecraft/nbt/CompoundTag$1 1/1
  Patching net/minecraft/nbt/CompoundTag$2 1/1
  Patching net/minecraft/nbt/CompoundTag 1/1
  Patching net/minecraft/network/CompressionEncoder 1/1
  Patching net/minecraft/network/Connection$1 1/1
  Patching net/minecraft/network/Connection$2 1/1
  Patching net/minecraft/network/Connection$3 1/1
  Patching net/minecraft/network/Connection 1/1
  Patching net/minecraft/network/FriendlyByteBuf 1/1
  Patching net/minecraft/network/RegistryFriendlyByteBuf 1/1
  Patching net/minecraft/network/chat/contents/TranslatableContents 1/1
  Patching net/minecraft/network/protocol/common/ClientboundCustomPayloadPacket 1/1
  Patching net/minecraft/network/protocol/common/ServerboundCustomPayloadPacket 1/1
  Patching net/minecraft/network/protocol/common/custom/CustomPacketPayload$1 1/1
  Patching net/minecraft/network/protocol/common/custom/CustomPacketPayload$FallbackProvider 1/1
  Patching net/minecraft/network/protocol/common/custom/CustomPacketPayload$Type 1/1
  Patching net/minecraft/network/protocol/common/custom/CustomPacketPayload$TypeAndCodec 1/1
  Patching net/minecraft/network/protocol/common/custom/CustomPacketPayload 1/1
  Patching net/minecraft/network/protocol/login/custom/DiscardedQueryAnswerPayload 1/1
  Patching net/minecraft/network/protocol/login/custom/DiscardedQueryPayload 1/1
  Patching net/minecraft/network/protocol/status/ServerStatus$Favicon 1/1
  Patching net/minecraft/network/protocol/status/ServerStatus$Players 1/1
  Patching net/minecraft/network/protocol/status/ServerStatus$Version 1/1
  Patching net/minecraft/network/protocol/status/ServerStatus 1/1
  Patching net/minecraft/network/syncher/EntityDataSerializers$1 1/1
  Patching net/minecraft/network/syncher/EntityDataSerializers$2 1/1
  Patching net/minecraft/network/syncher/EntityDataSerializers$3 1/1
  Patching net/minecraft/network/syncher/EntityDataSerializers 1/1
  Patching net/minecraft/network/syncher/SynchedEntityData$Builder 1/1
  Patching net/minecraft/network/syncher/SynchedEntityData$DataItem 1/1
  Patching net/minecraft/network/syncher/SynchedEntityData$DataValue 1/1
  Patching net/minecraft/network/syncher/SynchedEntityData 1/1
  Patching net/minecraft/resources/DelegatingOps$DelegateListBuilder 1/1
  Patching net/minecraft/resources/DelegatingOps$DelegateRecordBuilder 1/1
  Patching net/minecraft/resources/DelegatingOps 1/1
  Patching net/minecraft/resources/HolderSetCodec 1/1
  Patching net/minecraft/resources/Identifier 1/1
  Patching net/minecraft/resources/RegistryDataLoader$1 1/1
  Patching net/minecraft/resources/RegistryDataLoader$2 1/1
  Patching net/minecraft/resources/RegistryDataLoader$3 1/1
  Patching net/minecraft/resources/RegistryDataLoader$LoaderFactory 1/1
  Patching net/minecraft/resources/RegistryDataLoader$NetworkedRegistryData 1/1
  Patching net/minecraft/resources/RegistryDataLoader$RegistryData 1/1
  Patching net/minecraft/resources/RegistryDataLoader 1/1
  Patching net/minecraft/resources/RegistryOps$HolderLookupAdapter 1/1
  Patching net/minecraft/resources/RegistryOps$RegistryInfo 1/1
  Patching net/minecraft/resources/RegistryOps$RegistryInfoLookup 1/1
  Patching net/minecraft/resources/RegistryOps 1/1
  Patching net/minecraft/resources/ResourceKey$InternKey 1/1
  Patching net/minecraft/resources/ResourceKey 1/1
  Patching net/minecraft/resources/ResourceManagerRegistryLoadTask 1/1
  Patching net/minecraft/server/Bootstrap$1 1/1
  Patching net/minecraft/server/Bootstrap 1/1
  Patching net/minecraft/server/Eula 1/1
  Patching net/minecraft/server/Main$1 1/1
  Patching net/minecraft/server/Main 1/1
  Patching net/minecraft/server/MinecraftServer$1 1/1
  Patching net/minecraft/server/MinecraftServer$2 1/1
  Patching net/minecraft/server/MinecraftServer$MultiplayerScope 1/1
  Patching net/minecraft/server/MinecraftServer$ReloadableResources 1/1
  Patching net/minecraft/server/MinecraftServer$ServerResourcePackInfo 1/1
  Patching net/minecraft/server/MinecraftServer$TimeProfiler$1 1/1
  Patching net/minecraft/server/MinecraftServer$TimeProfiler 1/1
  Patching net/minecraft/server/MinecraftServer 1/1
  Patching net/minecraft/server/PlayerAdvancements$Data 1/1
  Patching net/minecraft/server/PlayerAdvancements$TriggerInstanceKey 1/1
  Patching net/minecraft/server/PlayerAdvancements 1/1
  Patching net/minecraft/server/ReloadableServerResources 1/1
  Patching net/minecraft/server/ServerAdvancementManager 1/1
  Patching net/minecraft/server/advancements/AdvancementVisibilityEvaluator$Output 1/1
  Patching net/minecraft/server/advancements/AdvancementVisibilityEvaluator$VisibilityRule 1/1
  Patching net/minecraft/server/advancements/AdvancementVisibilityEvaluator 1/1
  Patching net/minecraft/server/commands/SpreadPlayersCommand$Position 1/1
  Patching net/minecraft/server/commands/SpreadPlayersCommand 1/1
  Patching net/minecraft/server/commands/TeleportCommand 1/1
  Patching net/minecraft/server/dedicated/DedicatedServer$1 1/1
  Patching net/minecraft/server/dedicated/DedicatedServer 1/1
  Patching net/minecraft/server/dedicated/ServerWatchdog$1 1/1
  Patching net/minecraft/server/dedicated/ServerWatchdog 1/1
  Patching net/minecraft/server/dedicated/Settings$MutableValue 1/1
  Patching net/minecraft/server/dedicated/Settings 1/1
  Patching net/minecraft/server/gui/MinecraftServerGui$1 1/1
  Patching net/minecraft/server/gui/MinecraftServerGui$2 1/1
  Patching net/minecraft/server/gui/MinecraftServerGui 1/1
  Patching net/minecraft/server/level/ChunkMap$DistanceManager 1/1
  Patching net/minecraft/server/level/ChunkMap$TrackedEntity 1/1
  Patching net/minecraft/server/level/ChunkMap 1/1
  Patching net/minecraft/server/level/DistanceManager$FixedPlayerDistanceChunkTracker 1/1
  Patching net/minecraft/server/level/DistanceManager$PlayerTicketTracker 1/1
  Patching net/minecraft/server/level/DistanceManager 1/1
  Patching net/minecraft/server/level/GenerationChunkHolder 1/1
  Patching net/minecraft/server/level/ServerChunkCache$MainThreadExecutor 1/1
  Patching net/minecraft/server/level/ServerChunkCache 1/1
  Patching net/minecraft/server/level/ServerEntity$Synchronizer 1/1
  Patching net/minecraft/server/level/ServerEntity 1/1
  Patching net/minecraft/server/level/ServerLevel$1 1/1
  Patching net/minecraft/server/level/ServerLevel$EntityCallbacks 1/1
  Patching net/minecraft/server/level/ServerLevel 1/1
  Patching net/minecraft/server/level/ServerPlayer$1$1 1/1
  Patching net/minecraft/server/level/ServerPlayer$1 1/1
  Patching net/minecraft/server/level/ServerPlayer$2 1/1
  Patching net/minecraft/server/level/ServerPlayer$3 1/1
  Patching net/minecraft/server/level/ServerPlayer$RespawnConfig 1/1
  Patching net/minecraft/server/level/ServerPlayer$RespawnPosAngle 1/1
  Patching net/minecraft/server/level/ServerPlayer$SavedPosition 1/1
  Patching net/minecraft/server/level/ServerPlayer 1/1
  Patching net/minecraft/server/level/ServerPlayerGameMode 1/1
  Patching net/minecraft/server/level/ThreadedLevelLightEngine$TaskType 1/1
  Patching net/minecraft/server/level/ThreadedLevelLightEngine 1/1
  Patching net/minecraft/server/level/WorldGenRegion 1/1
  Patching net/minecraft/server/network/ConfigurationTask$Type 1/1
  Patching net/minecraft/server/network/ConfigurationTask 1/1
  Patching net/minecraft/server/network/EventLoopGroupHolder$1 1/1
  Patching net/minecraft/server/network/EventLoopGroupHolder$2 1/1
  Patching net/minecraft/server/network/EventLoopGroupHolder$3 1/1
  Patching net/minecraft/server/network/EventLoopGroupHolder$4 1/1
  Patching net/minecraft/server/network/EventLoopGroupHolder 1/1
  Patching net/minecraft/server/network/MemoryServerHandshakePacketListenerImpl 1/1
  Patching net/minecraft/server/network/PlayerChunkSender 1/1
  Patching net/minecraft/server/network/ServerCommonPacketListenerImpl 1/1
  Patching net/minecraft/server/network/ServerConfigurationPacketListenerImpl 1/1
  Patching net/minecraft/server/network/ServerConnectionListener$1 1/1
  Patching net/minecraft/server/network/ServerConnectionListener$2 1/1
  Patching net/minecraft/server/network/ServerConnectionListener$3 1/1
  Patching net/minecraft/server/network/ServerConnectionListener$LatencySimulator$DelayedMessage 1/1
  Patching net/minecraft/server/network/ServerConnectionListener$LatencySimulator 1/1
  Patching net/minecraft/server/network/ServerConnectionListener 1/1
  Patching net/minecraft/server/network/ServerGamePacketListenerImpl$1 1/1
  Patching net/minecraft/server/network/ServerGamePacketListenerImpl 1/1
  Patching net/minecraft/server/network/ServerHandshakePacketListenerImpl 1/1
  Patching net/minecraft/server/network/ServerLoginPacketListenerImpl$1 1/1
  Patching net/minecraft/server/network/ServerLoginPacketListenerImpl$State 1/1
  Patching net/minecraft/server/network/ServerLoginPacketListenerImpl 1/1
  Patching net/minecraft/server/network/ServerStatusPacketListenerImpl 1/1
  Patching net/minecraft/server/network/config/PrepareSpawnTask$Preparing 1/1
  Patching net/minecraft/server/network/config/PrepareSpawnTask$Ready 1/1
  Patching net/minecraft/server/network/config/PrepareSpawnTask 1/1
  Patching net/minecraft/server/packs/AbstractPackResources 1/1
  Patching net/minecraft/server/packs/PackResources 1/1
  Patching net/minecraft/server/packs/repository/Pack$Metadata 1/1
  Patching net/minecraft/server/packs/repository/Pack$Position 1/1
  Patching net/minecraft/server/packs/repository/Pack$ResourcesSupplier 1/1
  Patching net/minecraft/server/packs/repository/Pack 1/1
  Patching net/minecraft/server/packs/repository/PackDetector 1/1
  Patching net/minecraft/server/packs/repository/PackRepository 1/1
  Patching net/minecraft/server/packs/repository/ServerPacksSource 1/1
  Patching net/minecraft/server/packs/resources/FallbackResourceManager$1ResourceWithSourceAndIndex 1/1
  Patching net/minecraft/server/packs/resources/FallbackResourceManager$EntryStack 1/1
  Patching net/minecraft/server/packs/resources/FallbackResourceManager$LeakedResourceWarningInputStream 1/1
  Patching net/minecraft/server/packs/resources/FallbackResourceManager$PackEntry 1/1
  Patching net/minecraft/server/packs/resources/FallbackResourceManager$ResourceWithSource 1/1
  Patching net/minecraft/server/packs/resources/FallbackResourceManager 1/1
  Patching net/minecraft/server/packs/resources/ReloadableResourceManager 1/1
  Patching net/minecraft/server/packs/resources/SimpleJsonResourceReloadListener 1/1
  Patching net/minecraft/server/players/PlayerList$1 1/1
  Patching net/minecraft/server/players/PlayerList$2 1/1
  Patching net/minecraft/server/players/PlayerList 1/1
  Patching net/minecraft/server/rcon/RconConsoleSource 1/1
  Patching net/minecraft/server/rcon/thread/RconClient 1/1
  Patching net/minecraft/stats/RecipeBookSettings$1 1/1
  Patching net/minecraft/stats/RecipeBookSettings$TypeSettings 1/1
  Patching net/minecraft/stats/RecipeBookSettings 1/1
  Patching net/minecraft/tags/BannerPatternTags 1/1
  Patching net/minecraft/tags/BiomeTags 1/1
  Patching net/minecraft/tags/BlockTags 1/1
  Patching net/minecraft/tags/DamageTypeTags 1/1
  Patching net/minecraft/tags/EnchantmentTags 1/1
  Patching net/minecraft/tags/EntityTypeTags 1/1
  Patching net/minecraft/tags/FlatLevelGeneratorPresetTags 1/1
  Patching net/minecraft/tags/FluidTags 1/1
  Patching net/minecraft/tags/GameEventTags 1/1
  Patching net/minecraft/tags/InstrumentTags 1/1
  Patching net/minecraft/tags/ItemTags 1/1
  Patching net/minecraft/tags/PaintingVariantTags 1/1
  Patching net/minecraft/tags/PoiTypeTags 1/1
  Patching net/minecraft/tags/StructureTags 1/1
  Patching net/minecraft/tags/TagBuilder 1/1
  Patching net/minecraft/tags/TagEntry$Lookup 1/1
  Patching net/minecraft/tags/TagEntry 1/1
  Patching net/minecraft/tags/TagFile 1/1
  Patching net/minecraft/tags/TagKey 1/1
  Patching net/minecraft/tags/TagLoader$1 1/1
  Patching net/minecraft/tags/TagLoader$ElementLookup 1/1
  Patching net/minecraft/tags/TagLoader$EntryWithSource 1/1
  Patching net/minecraft/tags/TagLoader$LoadResult 1/1
  Patching net/minecraft/tags/TagLoader$SortingEntry 1/1
  Patching net/minecraft/tags/TagLoader 1/1
  Patching net/minecraft/tags/WorldPresetTags 1/1
  Patching net/minecraft/util/LightCoordsUtil$BrightnessGetter 1/1
  Patching net/minecraft/util/LightCoordsUtil 1/1
  Patching net/minecraft/util/SpawnUtil$Strategy 1/1
  Patching net/minecraft/util/SpawnUtil 1/1
  Patching net/minecraft/util/Util$10 1/1
  Patching net/minecraft/util/Util$11 1/1
  Patching net/minecraft/util/Util$2 1/1
  Patching net/minecraft/util/Util$3 1/1
  Patching net/minecraft/util/Util$4 1/1
  Patching net/minecraft/util/Util$5 1/1
  Patching net/minecraft/util/Util$6 1/1
  Patching net/minecraft/util/Util$7 1/1
  Patching net/minecraft/util/Util$8 1/1
  Patching net/minecraft/util/Util$9 1/1
  Patching net/minecraft/util/Util$OS$1 1/1
  Patching net/minecraft/util/Util$OS$2 1/1
  Patching net/minecraft/util/Util$OS 1/1
  Patching net/minecraft/util/Util 1/1
  Patching net/minecraft/util/context/ContextMap$Builder 1/1
  Patching net/minecraft/util/context/ContextMap 1/1
  Patching net/minecraft/util/datafix/fixes/StructuresBecomeConfiguredFix$Conversion 1/1
  Patching net/minecraft/util/datafix/fixes/StructuresBecomeConfiguredFix 1/1
  Patching net/minecraft/util/datafix/schemas/V2832 1/1
  Patching net/minecraft/util/random/WeightedList$Builder 1/1
  Patching net/minecraft/util/random/WeightedList$Compact 1/1
  Patching net/minecraft/util/random/WeightedList$Flat 1/1
  Patching net/minecraft/util/random/WeightedList$Selector 1/1
  Patching net/minecraft/util/random/WeightedList 1/1
  Patching net/minecraft/world/clock/ServerClockManager$ClockInstance 1/1
  Patching net/minecraft/world/clock/ServerClockManager 1/1
  Patching net/minecraft/world/effect/MobEffect$AttributeTemplate 1/1
  Patching net/minecraft/world/effect/MobEffect 1/1
  Patching net/minecraft/world/entity/Entity$1 1/1
  Patching net/minecraft/world/entity/Entity$EntityPathElement 1/1
  Patching net/minecraft/world/entity/Entity$MoveFunction 1/1
  Patching net/minecraft/world/entity/Entity$Movement 1/1
  Patching net/minecraft/world/entity/Entity$MovementEmission 1/1
  Patching net/minecraft/world/entity/Entity$RemovalReason 1/1
  Patching net/minecraft/world/entity/Entity 1/1
  Patching net/minecraft/world/entity/EntityEquipment 1/1
  Patching net/minecraft/world/entity/EntityFluidInteraction$Tracker 1/1
  Patching net/minecraft/world/entity/EntityFluidInteraction 1/1
  Patching net/minecraft/world/entity/EntityType$Builder 1/1
  Patching net/minecraft/world/entity/EntityType$EntityFactory 1/1
  Patching net/minecraft/world/entity/EntityType 1/1
  Patching net/minecraft/world/entity/ExperienceOrb 1/1
  Patching net/minecraft/world/entity/Leashable$LeashData 1/1
  Patching net/minecraft/world/entity/Leashable$Wrench 1/1
  Patching net/minecraft/world/entity/Leashable 1/1
  Patching net/minecraft/world/entity/LightningBolt 1/1
  Patching net/minecraft/world/entity/LivingEntity$1 1/1
  Patching net/minecraft/world/entity/LivingEntity$Fallsounds 1/1
  Patching net/minecraft/world/entity/LivingEntity 1/1
  Patching net/minecraft/world/entity/Mob$1 1/1
  Patching net/minecraft/world/entity/Mob$2 1/1
  Patching net/minecraft/world/entity/Mob 1/1
  Patching net/minecraft/world/entity/MobCategory 1/1
  Patching net/minecraft/world/entity/Shearable 1/1
  Patching net/minecraft/world/entity/SpawnPlacementTypes$1 1/1
  Patching net/minecraft/world/entity/SpawnPlacementTypes 1/1
  Patching net/minecraft/world/entity/SpawnPlacements$Data 1/1
  Patching net/minecraft/world/entity/SpawnPlacements$SpawnPredicate 1/1
  Patching net/minecraft/world/entity/SpawnPlacements 1/1
  Patching net/minecraft/world/entity/TamableAnimal$TamableAnimalPanicGoal 1/1
  Patching net/minecraft/world/entity/TamableAnimal 1/1
  Patching net/minecraft/world/entity/ai/Brain$1 1/1
  Patching net/minecraft/world/entity/ai/Brain$ActivitySupplier 1/1
  Patching net/minecraft/world/entity/ai/Brain$Packed 1/1
  Patching net/minecraft/world/entity/ai/Brain$Provider 1/1
  Patching net/minecraft/world/entity/ai/Brain$Visitor 1/1
  Patching net/minecraft/world/entity/ai/Brain 1/1
  Patching net/minecraft/world/entity/ai/attributes/AttributeSupplier$Builder 1/1
  Patching net/minecraft/world/entity/ai/attributes/AttributeSupplier 1/1
  Patching net/minecraft/world/entity/ai/attributes/DefaultAttributes 1/1
  Patching net/minecraft/world/entity/ai/behavior/CrossbowAttack$CrossbowState 1/1
  Patching net/minecraft/world/entity/ai/behavior/CrossbowAttack 1/1
  Patching net/minecraft/world/entity/ai/behavior/HarvestFarmland 1/1
  Patching net/minecraft/world/entity/ai/behavior/StartAttacking$StartAttackingCondition 1/1
  Patching net/minecraft/world/entity/ai/behavior/StartAttacking$TargetFinder 1/1
  Patching net/minecraft/world/entity/ai/behavior/StartAttacking 1/1
  Patching net/minecraft/world/entity/ai/behavior/Swim 1/1
  Patching net/minecraft/world/entity/ai/goal/BreakDoorGoal 1/1
  Patching net/minecraft/world/entity/ai/goal/EatBlockGoal 1/1
  Patching net/minecraft/world/entity/ai/goal/FloatGoal 1/1
  Patching net/minecraft/world/entity/ai/goal/MeleeAttackGoal 1/1
  Patching net/minecraft/world/entity/ai/goal/RangedBowAttackGoal 1/1
  Patching net/minecraft/world/entity/ai/goal/RangedCrossbowAttackGoal$CrossbowState 1/1
  Patching net/minecraft/world/entity/ai/goal/RangedCrossbowAttackGoal 1/1
  Patching net/minecraft/world/entity/ai/goal/RemoveBlockGoal 1/1
  Patching net/minecraft/world/entity/ai/goal/RunAroundLikeCrazyGoal 1/1
  Patching net/minecraft/world/entity/ai/goal/target/HurtByTargetGoal 1/1
  Patching net/minecraft/world/entity/ai/navigation/PathNavigation 1/1
  Patching net/minecraft/world/entity/ai/navigation/WallClimberNavigation 1/1
  Patching net/minecraft/world/entity/ai/village/VillageSiege$State 1/1
  Patching net/minecraft/world/entity/ai/village/VillageSiege 1/1
  Patching net/minecraft/world/entity/ai/village/poi/PoiTypes 1/1
  Patching net/minecraft/world/entity/animal/Animal 1/1
  Patching net/minecraft/world/entity/animal/allay/Allay$JukeboxListener 1/1
  Patching net/minecraft/world/entity/animal/allay/Allay$VibrationUser 1/1
  Patching net/minecraft/world/entity/animal/allay/Allay 1/1
  Patching net/minecraft/world/entity/animal/bee/Bee$1 1/1
  Patching net/minecraft/world/entity/animal/bee/Bee$BaseBeeGoal 1/1
  Patching net/minecraft/world/entity/animal/bee/Bee$BeeAttackGoal 1/1
  Patching net/minecraft/world/entity/animal/bee/Bee$BeeBecomeAngryTargetGoal 1/1
  Patching net/minecraft/world/entity/animal/bee/Bee$BeeEnterHiveGoal 1/1
  Patching net/minecraft/world/entity/animal/bee/Bee$BeeGoToHiveGoal 1/1
  Patching net/minecraft/world/entity/animal/bee/Bee$BeeGoToKnownFlowerGoal 1/1
  Patching net/minecraft/world/entity/animal/bee/Bee$BeeGrowCropGoal 1/1
  Patching net/minecraft/world/entity/animal/bee/Bee$BeeHurtByOtherGoal 1/1
  Patching net/minecraft/world/entity/animal/bee/Bee$BeeLocateHiveGoal 1/1
  Patching net/minecraft/world/entity/animal/bee/Bee$BeeLookControl 1/1
  Patching net/minecraft/world/entity/animal/bee/Bee$BeePollinateGoal 1/1
  Patching net/minecraft/world/entity/animal/bee/Bee$BeeWanderGoal 1/1
  Patching net/minecraft/world/entity/animal/bee/Bee$ValidateFlowerGoal 1/1
  Patching net/minecraft/world/entity/animal/bee/Bee$ValidateHiveGoal 1/1
  Patching net/minecraft/world/entity/animal/bee/Bee 1/1
  Patching net/minecraft/world/entity/animal/camel/Camel$CamelBodyRotationControl 1/1
  Patching net/minecraft/world/entity/animal/camel/Camel$CamelLookControl 1/1
  Patching net/minecraft/world/entity/animal/camel/Camel$CamelMoveControl 1/1
  Patching net/minecraft/world/entity/animal/camel/Camel 1/1
  Patching net/minecraft/world/entity/animal/cow/MushroomCow$Variant 1/1
  Patching net/minecraft/world/entity/animal/cow/MushroomCow 1/1
  Patching net/minecraft/world/entity/animal/equine/AbstractHorse$MountPanicGoal 1/1
  Patching net/minecraft/world/entity/animal/equine/AbstractHorse 1/1
  Patching net/minecraft/world/entity/animal/equine/Llama$LlamaAttackWolfGoal 1/1
  Patching net/minecraft/world/entity/animal/equine/Llama$LlamaGroupData 1/1
  Patching net/minecraft/world/entity/animal/equine/Llama$LlamaHurtByTargetGoal 1/1
  Patching net/minecraft/world/entity/animal/equine/Llama$Variant 1/1
  Patching net/minecraft/world/entity/animal/equine/Llama 1/1
  Patching net/minecraft/world/entity/animal/equine/SkeletonTrapGoal 1/1
  Patching net/minecraft/world/entity/animal/feline/Cat$CatAvoidEntityGoal 1/1
  Patching net/minecraft/world/entity/animal/feline/Cat$CatRelaxOnOwnerGoal 1/1
  Patching net/minecraft/world/entity/animal/feline/Cat$CatTemptGoal 1/1
  Patching net/minecraft/world/entity/animal/feline/Cat 1/1
  Patching net/minecraft/world/entity/animal/feline/Ocelot$OcelotAvoidEntityGoal 1/1
  Patching net/minecraft/world/entity/animal/feline/Ocelot$OcelotTemptGoal 1/1
  Patching net/minecraft/world/entity/animal/feline/Ocelot 1/1
  Patching net/minecraft/world/entity/animal/fox/Fox$DefendTrustedTargetGoal 1/1
  Patching net/minecraft/world/entity/animal/fox/Fox$FaceplantGoal 1/1
  Patching net/minecraft/world/entity/animal/fox/Fox$FoxAlertableEntitiesSelector 1/1
  Patching net/minecraft/world/entity/animal/fox/Fox$FoxBehaviorGoal 1/1
  Patching net/minecraft/world/entity/animal/fox/Fox$FoxBreedGoal 1/1
  Patching net/minecraft/world/entity/animal/fox/Fox$FoxEatBerriesGoal 1/1
  Patching net/minecraft/world/entity/animal/fox/Fox$FoxFloatGoal 1/1
  Patching net/minecraft/world/entity/animal/fox/Fox$FoxFollowParentGoal 1/1
  Patching net/minecraft/world/entity/animal/fox/Fox$FoxGroupData 1/1
  Patching net/minecraft/world/entity/animal/fox/Fox$FoxLookAtPlayerGoal 1/1
  Patching net/minecraft/world/entity/animal/fox/Fox$FoxLookControl 1/1
  Patching net/minecraft/world/entity/animal/fox/Fox$FoxMeleeAttackGoal 1/1
  Patching net/minecraft/world/entity/animal/fox/Fox$FoxMoveControl 1/1
  Patching net/minecraft/world/entity/animal/fox/Fox$FoxPanicGoal 1/1
  Patching net/minecraft/world/entity/animal/fox/Fox$FoxPounceGoal 1/1
  Patching net/minecraft/world/entity/animal/fox/Fox$FoxSearchForItemsGoal 1/1
  Patching net/minecraft/world/entity/animal/fox/Fox$FoxStrollThroughVillageGoal 1/1
  Patching net/minecraft/world/entity/animal/fox/Fox$PerchAndSearchGoal 1/1
  Patching net/minecraft/world/entity/animal/fox/Fox$SeekShelterGoal 1/1
  Patching net/minecraft/world/entity/animal/fox/Fox$SleepGoal 1/1
  Patching net/minecraft/world/entity/animal/fox/Fox$StalkPreyGoal 1/1
  Patching net/minecraft/world/entity/animal/fox/Fox$Variant 1/1
  Patching net/minecraft/world/entity/animal/fox/Fox 1/1
  Patching net/minecraft/world/entity/animal/golem/CopperGolem$1 1/1
  Patching net/minecraft/world/entity/animal/golem/CopperGolem 1/1
  Patching net/minecraft/world/entity/animal/golem/SnowGolem 1/1
  Patching net/minecraft/world/entity/animal/parrot/Parrot$1 1/1
  Patching net/minecraft/world/entity/animal/parrot/Parrot$ParrotWanderGoal 1/1
  Patching net/minecraft/world/entity/animal/parrot/Parrot$Variant 1/1
  Patching net/minecraft/world/entity/animal/parrot/Parrot 1/1
  Patching net/minecraft/world/entity/animal/pig/Pig 1/1
  Patching net/minecraft/world/entity/animal/rabbit/Rabbit$RabbitAvoidEntityGoal 1/1
  Patching net/minecraft/world/entity/animal/rabbit/Rabbit$RabbitGroupData 1/1
  Patching net/minecraft/world/entity/animal/rabbit/Rabbit$RabbitJumpControl 1/1
  Patching net/minecraft/world/entity/animal/rabbit/Rabbit$RabbitMoveControl 1/1
  Patching net/minecraft/world/entity/animal/rabbit/Rabbit$RabbitPanicGoal 1/1
  Patching net/minecraft/world/entity/animal/rabbit/Rabbit$RaidGardenGoal 1/1
  Patching net/minecraft/world/entity/animal/rabbit/Rabbit$Variant 1/1
  Patching net/minecraft/world/entity/animal/rabbit/Rabbit 1/1
  Patching net/minecraft/world/entity/animal/sheep/Sheep 1/1
  Patching net/minecraft/world/entity/animal/sniffer/Sniffer$State 1/1
  Patching net/minecraft/world/entity/animal/sniffer/Sniffer 1/1
  Patching net/minecraft/world/entity/animal/wolf/Wolf$WolfAvoidEntityGoal 1/1
  Patching net/minecraft/world/entity/animal/wolf/Wolf$WolfPackData 1/1
  Patching net/minecraft/world/entity/animal/wolf/Wolf 1/1
  Patching net/minecraft/world/entity/boss/enderdragon/EnderDragon 1/1
  Patching net/minecraft/world/entity/boss/enderdragon/EnderDragonPart 1/1
  Patching net/minecraft/world/entity/boss/wither/WitherBoss$WitherDoNothingGoal 1/1
  Patching net/minecraft/world/entity/boss/wither/WitherBoss 1/1
  Patching net/minecraft/world/entity/decoration/HangingEntity$1 1/1
  Patching net/minecraft/world/entity/decoration/HangingEntity 1/1
  Patching net/minecraft/world/entity/decoration/LeashFenceKnotEntity 1/1
  Patching net/minecraft/world/entity/item/FallingBlockEntity 1/1
  Patching net/minecraft/world/entity/item/ItemEntity 1/1
  Patching net/minecraft/world/entity/monster/CrossbowAttackMob 1/1
  Patching net/minecraft/world/entity/monster/EnderMan$EndermanFreezeWhenLookedAt 1/1
  Patching net/minecraft/world/entity/monster/EnderMan$EndermanLeaveBlockGoal 1/1
  Patching net/minecraft/world/entity/monster/EnderMan$EndermanLookForPlayerGoal 1/1
  Patching net/minecraft/world/entity/monster/EnderMan$EndermanTakeBlockGoal 1/1
  Patching net/minecraft/world/entity/monster/EnderMan 1/1
  Patching net/minecraft/world/entity/monster/Monster 1/1
  Patching net/minecraft/world/entity/monster/Ravager 1/1
  Patching net/minecraft/world/entity/monster/Shulker$ShulkerAttackGoal 1/1
  Patching net/minecraft/world/entity/monster/Shulker$ShulkerBodyRotationControl 1/1
  Patching net/minecraft/world/entity/monster/Shulker$ShulkerDefenseAttackGoal 1/1
  Patching net/minecraft/world/entity/monster/Shulker$ShulkerLookControl 1/1
  Patching net/minecraft/world/entity/monster/Shulker$ShulkerNearestAttackGoal 1/1
  Patching net/minecraft/world/entity/monster/Shulker$ShulkerPeekGoal 1/1
  Patching net/minecraft/world/entity/monster/Shulker 1/1
  Patching net/minecraft/world/entity/monster/Silverfish$SilverfishMergeWithStoneGoal 1/1
  Patching net/minecraft/world/entity/monster/Silverfish$SilverfishWakeUpFriendsGoal 1/1
  Patching net/minecraft/world/entity/monster/Silverfish 1/1
  Patching net/minecraft/world/entity/monster/creaking/Creaking$CreakingBodyRotationControl 1/1
  Patching net/minecraft/world/entity/monster/creaking/Creaking$CreakingJumpControl 1/1
  Patching net/minecraft/world/entity/monster/creaking/Creaking$CreakingLookControl 1/1
  Patching net/minecraft/world/entity/monster/creaking/Creaking$CreakingMoveControl 1/1
  Patching net/minecraft/world/entity/monster/creaking/Creaking$CreakingPathNavigation 1/1
  Patching net/minecraft/world/entity/monster/creaking/Creaking$HomeNodeEvaluator 1/1
  Patching net/minecraft/world/entity/monster/creaking/Creaking 1/1
  Patching net/minecraft/world/entity/monster/cubemob/AbstractCubeMob$CubeMobAttackGoal 1/1
  Patching net/minecraft/world/entity/monster/cubemob/AbstractCubeMob$CubeMobFloatGoal 1/1
  Patching net/minecraft/world/entity/monster/cubemob/AbstractCubeMob$CubeMobKeepOnJumpingGoal 1/1
  Patching net/minecraft/world/entity/monster/cubemob/AbstractCubeMob$CubeMobMoveControl 1/1
  Patching net/minecraft/world/entity/monster/cubemob/AbstractCubeMob$CubeMobRandomDirectionGoal 1/1
  Patching net/minecraft/world/entity/monster/cubemob/AbstractCubeMob 1/1
  Patching net/minecraft/world/entity/monster/cubemob/MagmaCube 1/1
  Patching net/minecraft/world/entity/monster/cubemob/SulfurCube$SulfurCubeLookControl 1/1
  Patching net/minecraft/world/entity/monster/cubemob/SulfurCube$SulfurCubeMobMoveControl 1/1
  Patching net/minecraft/world/entity/monster/cubemob/SulfurCube$SulfurCubeSearchForItemsGoal 1/1
  Patching net/minecraft/world/entity/monster/cubemob/SulfurCube$SulfurCubeTemptGoal 1/1
  Patching net/minecraft/world/entity/monster/cubemob/SulfurCube 1/1
  Patching net/minecraft/world/entity/monster/hoglin/Hoglin 1/1
  Patching net/minecraft/world/entity/monster/illager/Evoker$EvokerAttackSpellGoal 1/1
  Patching net/minecraft/world/entity/monster/illager/Evoker$EvokerCastingSpellGoal 1/1
  Patching net/minecraft/world/entity/monster/illager/Evoker$EvokerSummonSpellGoal 1/1
  Patching net/minecraft/world/entity/monster/illager/Evoker$EvokerWololoSpellGoal 1/1
  Patching net/minecraft/world/entity/monster/illager/Evoker 1/1
  Patching net/minecraft/world/entity/monster/illager/Illusioner$IllusionerBlindnessSpellGoal 1/1
  Patching net/minecraft/world/entity/monster/illager/Illusioner$IllusionerMirrorSpellGoal 1/1
  Patching net/minecraft/world/entity/monster/illager/Illusioner 1/1
  Patching net/minecraft/world/entity/monster/illager/Pillager 1/1
  Patching net/minecraft/world/entity/monster/piglin/AbstractPiglin 1/1
  Patching net/minecraft/world/entity/monster/piglin/Piglin 1/1
  Patching net/minecraft/world/entity/monster/piglin/PiglinAi 1/1
  Patching net/minecraft/world/entity/monster/skeleton/AbstractSkeleton$1 1/1
  Patching net/minecraft/world/entity/monster/skeleton/AbstractSkeleton 1/1
  Patching net/minecraft/world/entity/monster/skeleton/Bogged 1/1
  Patching net/minecraft/world/entity/monster/skeleton/Skeleton 1/1
  Patching net/minecraft/world/entity/monster/spider/Spider$SpiderAttackGoal 1/1
  Patching net/minecraft/world/entity/monster/spider/Spider$SpiderEffectsGroupData 1/1
  Patching net/minecraft/world/entity/monster/spider/Spider$SpiderTargetGoal 1/1
  Patching net/minecraft/world/entity/monster/spider/Spider 1/1
  Patching net/minecraft/world/entity/monster/zombie/Husk$HuskGroupData 1/1
  Patching net/minecraft/world/entity/monster/zombie/Husk 1/1
  Patching net/minecraft/world/entity/monster/zombie/Zombie$ZombieAttackTurtleEggGoal 1/1
  Patching net/minecraft/world/entity/monster/zombie/Zombie$ZombieGroupData 1/1
  Patching net/minecraft/world/entity/monster/zombie/Zombie 1/1
  Patching net/minecraft/world/entity/monster/zombie/ZombieVillager 1/1
  Patching net/minecraft/world/entity/npc/CatSpawner 1/1
  Patching net/minecraft/world/entity/npc/villager/AbstractVillager 1/1
  Patching net/minecraft/world/entity/npc/villager/Villager 1/1
  Patching net/minecraft/world/entity/npc/villager/VillagerType 1/1
  Patching net/minecraft/world/entity/player/Input$1 1/1
  Patching net/minecraft/world/entity/player/Input 1/1
  Patching net/minecraft/world/entity/player/Inventory 1/1
  Patching net/minecraft/world/entity/player/Player$1 1/1
  Patching net/minecraft/world/entity/player/Player$2 1/1
  Patching net/minecraft/world/entity/player/Player$BedSleepingProblem 1/1
  Patching net/minecraft/world/entity/player/Player 1/1
  Patching net/minecraft/world/entity/projectile/FireworkRocketEntity 1/1
  Patching net/minecraft/world/entity/projectile/FishingHook$FishHookState 1/1
  Patching net/minecraft/world/entity/projectile/FishingHook$OpenWaterType 1/1
  Patching net/minecraft/world/entity/projectile/FishingHook 1/1
  Patching net/minecraft/world/entity/projectile/LlamaSpit 1/1
  Patching net/minecraft/world/entity/projectile/Projectile$ProjectileFactory 1/1
  Patching net/minecraft/world/entity/projectile/Projectile 1/1
  Patching net/minecraft/world/entity/projectile/ProjectileUtil 1/1
  Patching net/minecraft/world/entity/projectile/ShulkerBullet 1/1
  Patching net/minecraft/world/entity/projectile/ThrowableProjectile 1/1
  Patching net/minecraft/world/entity/projectile/arrow/AbstractArrow$Pickup 1/1
  Patching net/minecraft/world/entity/projectile/arrow/AbstractArrow 1/1
  Patching net/minecraft/world/entity/projectile/hurtingprojectile/AbstractHurtingProjectile 1/1
  Patching net/minecraft/world/entity/projectile/hurtingprojectile/LargeFireball 1/1
  Patching net/minecraft/world/entity/projectile/hurtingprojectile/SmallFireball 1/1
  Patching net/minecraft/world/entity/projectile/hurtingprojectile/WitherSkull 1/1
  Patching net/minecraft/world/entity/projectile/throwableitemprojectile/ThrownEnderpearl 1/1
  Patching net/minecraft/world/entity/raid/Raid$1 1/1
  Patching net/minecraft/world/entity/raid/Raid$RaidStatus 1/1
  Patching net/minecraft/world/entity/raid/Raid$RaiderType 1/1
  Patching net/minecraft/world/entity/raid/Raid 1/1
  Patching net/minecraft/world/entity/vehicle/ContainerEntity$1 1/1
  Patching net/minecraft/world/entity/vehicle/ContainerEntity 1/1
  Patching net/minecraft/world/entity/vehicle/boat/AbstractBoat$Status 1/1
  Patching net/minecraft/world/entity/vehicle/boat/AbstractBoat 1/1
  Patching net/minecraft/world/entity/vehicle/boat/ChestBoat 1/1
  Patching net/minecraft/world/entity/vehicle/minecart/AbstractMinecart 1/1
  Patching net/minecraft/world/entity/vehicle/minecart/AbstractMinecartContainer 1/1
  Patching net/minecraft/world/entity/vehicle/minecart/MinecartCommandBlock$MinecartCommandBase 1/1
  Patching net/minecraft/world/entity/vehicle/minecart/MinecartCommandBlock 1/1
  Patching net/minecraft/world/entity/vehicle/minecart/MinecartFurnace 1/1
  Patching net/minecraft/world/entity/vehicle/minecart/MinecartSpawner$1 1/1
  Patching net/minecraft/world/entity/vehicle/minecart/MinecartSpawner 1/1
  Patching net/minecraft/world/entity/vehicle/minecart/NewMinecartBehavior$1 1/1
  Patching net/minecraft/world/entity/vehicle/minecart/NewMinecartBehavior$MinecartStep 1/1
  Patching net/minecraft/world/entity/vehicle/minecart/NewMinecartBehavior$StepPartialTicks 1/1
  Patching net/minecraft/world/entity/vehicle/minecart/NewMinecartBehavior$TrackIteration 1/1
  Patching net/minecraft/world/entity/vehicle/minecart/NewMinecartBehavior 1/1
  Patching net/minecraft/world/entity/vehicle/minecart/OldMinecartBehavior$1 1/1
  Patching net/minecraft/world/entity/vehicle/minecart/OldMinecartBehavior 1/1
  Patching net/minecraft/world/inventory/AbstractContainerMenu$1 1/1
  Patching net/minecraft/world/inventory/AbstractContainerMenu 1/1
  Patching net/minecraft/world/inventory/AnvilMenu 1/1
  Patching net/minecraft/world/inventory/ArmorSlot 1/1
  Patching net/minecraft/world/inventory/BeaconMenu$1 1/1
  Patching net/minecraft/world/inventory/BeaconMenu$PaymentSlot 1/1
  Patching net/minecraft/world/inventory/BeaconMenu 1/1
  Patching net/minecraft/world/inventory/BrewingStandMenu$FuelSlot 1/1
  Patching net/minecraft/world/inventory/BrewingStandMenu$IngredientsSlot 1/1
  Patching net/minecraft/world/inventory/BrewingStandMenu$PotionSlot 1/1
  Patching net/minecraft/world/inventory/BrewingStandMenu 1/1
  Patching net/minecraft/world/inventory/EnchantmentMenu$1 1/1
  Patching net/minecraft/world/inventory/EnchantmentMenu$2 1/1
  Patching net/minecraft/world/inventory/EnchantmentMenu$3 1/1
  Patching net/minecraft/world/inventory/EnchantmentMenu 1/1
  Patching net/minecraft/world/inventory/FurnaceResultSlot 1/1
  Patching net/minecraft/world/inventory/GrindstoneMenu$1 1/1
  Patching net/minecraft/world/inventory/GrindstoneMenu$2 1/1
  Patching net/minecraft/world/inventory/GrindstoneMenu$3 1/1
  Patching net/minecraft/world/inventory/GrindstoneMenu$4 1/1
  Patching net/minecraft/world/inventory/GrindstoneMenu 1/1
  Patching net/minecraft/world/inventory/MenuType$MenuSupplier 1/1
  Patching net/minecraft/world/inventory/MenuType 1/1
  Patching net/minecraft/world/inventory/RecipeBookType 1/1
  Patching net/minecraft/world/inventory/ResultSlot 1/1
  Patching net/minecraft/world/inventory/Slot 1/1
  Patching net/minecraft/world/item/ArrowItem 1/1
  Patching net/minecraft/world/item/AxeItem 1/1
  Patching net/minecraft/world/item/BlockItem 1/1
  Patching net/minecraft/world/item/BoneMealItem$1 1/1
  Patching net/minecraft/world/item/BoneMealItem 1/1
  Patching net/minecraft/world/item/BowItem 1/1
  Patching net/minecraft/world/item/BucketItem 1/1
  Patching net/minecraft/world/item/BundleItem 1/1
  Patching net/minecraft/world/item/CreativeModeTab$Builder 1/1
  Patching net/minecraft/world/item/CreativeModeTab$DisplayItemsGenerator 1/1
  Patching net/minecraft/world/item/CreativeModeTab$ItemDisplayBuilder 1/1
  Patching net/minecraft/world/item/CreativeModeTab$ItemDisplayParameters 1/1
  Patching net/minecraft/world/item/CreativeModeTab$Output 1/1
  Patching net/minecraft/world/item/CreativeModeTab$Row 1/1
  Patching net/minecraft/world/item/CreativeModeTab$TabVisibility 1/1
  Patching net/minecraft/world/item/CreativeModeTab$Type 1/1
  Patching net/minecraft/world/item/CreativeModeTab 1/1
  Patching net/minecraft/world/item/CrossbowItem$ChargeType 1/1
  Patching net/minecraft/world/item/CrossbowItem$ChargingSounds 1/1
  Patching net/minecraft/world/item/CrossbowItem 1/1
  Patching net/minecraft/world/item/DispensibleContainerItem 1/1
  Patching net/minecraft/world/item/DyeColor 1/1
  Patching net/minecraft/world/item/FishingRodItem 1/1
  Patching net/minecraft/world/item/HoeItem 1/1
  Patching net/minecraft/world/item/Item$Properties 1/1
  Patching net/minecraft/world/item/Item$TooltipContext$1 1/1
  Patching net/minecraft/world/item/Item$TooltipContext$2 1/1
  Patching net/minecraft/world/item/Item$TooltipContext$3 1/1
  Patching net/minecraft/world/item/Item$TooltipContext 1/1
  Patching net/minecraft/world/item/Item 1/1
  Patching net/minecraft/world/item/ItemDisplayContext 1/1
  Patching net/minecraft/world/item/ItemStack$1 1/1
  Patching net/minecraft/world/item/ItemStack$2 1/1
  Patching net/minecraft/world/item/ItemStack$3 1/1
  Patching net/minecraft/world/item/ItemStack$4 1/1
  Patching net/minecraft/world/item/ItemStack 1/1
  Patching net/minecraft/world/item/Items 1/1
  Patching net/minecraft/world/item/MobBucketItem 1/1
  Patching net/minecraft/world/item/ProjectileWeaponItem 1/1
  Patching net/minecraft/world/item/ShearsItem 1/1
  Patching net/minecraft/world/item/ShovelItem 1/1
  Patching net/minecraft/world/item/StandingAndWallBlockItem 1/1
  Patching net/minecraft/world/item/alchemy/PotionBrewing$Builder 1/1
  Patching net/minecraft/world/item/alchemy/PotionBrewing$Mix 1/1
  Patching net/minecraft/world/item/alchemy/PotionBrewing 1/1
  Patching net/minecraft/world/item/component/CustomData 1/1
  Patching net/minecraft/world/item/crafting/BannerDuplicateRecipe 1/1
  Patching net/minecraft/world/item/crafting/BookCloningRecipe 1/1
  Patching net/minecraft/world/item/crafting/CraftingRecipe$1 1/1
  Patching net/minecraft/world/item/crafting/CraftingRecipe$CraftingBookInfo 1/1
  Patching net/minecraft/world/item/crafting/CraftingRecipe 1/1
  Patching net/minecraft/world/item/crafting/Ingredient 1/1
  Patching net/minecraft/world/item/crafting/RecipeManager$1 1/1
  Patching net/minecraft/world/item/crafting/RecipeManager$CachedCheck 1/1
  Patching net/minecraft/world/item/crafting/RecipeManager$IngredientCollector 1/1
  Patching net/minecraft/world/item/crafting/RecipeManager$IngredientExtractor 1/1
  Patching net/minecraft/world/item/crafting/RecipeManager$ServerDisplayInfo 1/1
  Patching net/minecraft/world/item/crafting/RecipeManager 1/1
  Patching net/minecraft/world/item/crafting/RecipeType$1 1/1
  Patching net/minecraft/world/item/crafting/RecipeType 1/1
  Patching net/minecraft/world/item/crafting/ShapedRecipe 1/1
  Patching net/minecraft/world/item/crafting/ShapedRecipePattern$Data 1/1
  Patching net/minecraft/world/item/crafting/ShapedRecipePattern 1/1
  Patching net/minecraft/world/item/crafting/ShapelessRecipe 1/1
  Patching net/minecraft/world/item/enchantment/EnchantmentHelper$EnchantmentInSlotVisitor 1/1
  Patching net/minecraft/world/item/enchantment/EnchantmentHelper$EnchantmentVisitor 1/1
  Patching net/minecraft/world/item/enchantment/EnchantmentHelper 1/1
  Patching net/minecraft/world/item/enchantment/effects/ReplaceDisk 1/1
  Patching net/minecraft/world/level/BaseSpawner 1/1
  Patching net/minecraft/world/level/BlockGetter$BlockStepVisitor 1/1
  Patching net/minecraft/world/level/BlockGetter 1/1
  Patching net/minecraft/world/level/DataPackConfig 1/1
  Patching net/minecraft/world/level/ExplosionDamageCalculator 1/1
  Patching net/minecraft/world/level/Level$ExplosionInteraction 1/1
  Patching net/minecraft/world/level/Level 1/1
  Patching net/minecraft/world/level/LevelReader 1/1
  Patching net/minecraft/world/level/LevelSettings$DifficultySettings 1/1
  Patching net/minecraft/world/level/LevelSettings 1/1
  Patching net/minecraft/world/level/NaturalSpawner$AfterSpawnCallback 1/1
  Patching net/minecraft/world/level/NaturalSpawner$ChunkGetter 1/1
  Patching net/minecraft/world/level/NaturalSpawner$SpawnPredicate 1/1
  Patching net/minecraft/world/level/NaturalSpawner$SpawnState 1/1
  Patching net/minecraft/world/level/NaturalSpawner 1/1
  Patching net/minecraft/world/level/ServerExplosion$StackCollector 1/1
  Patching net/minecraft/world/level/ServerExplosion 1/1
  Patching net/minecraft/world/level/SignalGetter 1/1
  Patching net/minecraft/world/level/biome/Biome$1 1/1
  Patching net/minecraft/world/level/biome/Biome$BiomeBuilder 1/1
  Patching net/minecraft/world/level/biome/Biome$ClimateSettings 1/1
  Patching net/minecraft/world/level/biome/Biome$Precipitation 1/1
  Patching net/minecraft/world/level/biome/Biome$TemperatureModifier$1 1/1
  Patching net/minecraft/world/level/biome/Biome$TemperatureModifier$2 1/1
  Patching net/minecraft/world/level/biome/Biome$TemperatureModifier 1/1
  Patching net/minecraft/world/level/biome/Biome 1/1
  Patching net/minecraft/world/level/biome/BiomeGenerationSettings$Builder 1/1
  Patching net/minecraft/world/level/biome/BiomeGenerationSettings$PlainBuilder 1/1
  Patching net/minecraft/world/level/biome/BiomeGenerationSettings 1/1
  Patching net/minecraft/world/level/biome/BiomeSpecialEffects$Builder 1/1
  Patching net/minecraft/world/level/biome/BiomeSpecialEffects$GrassColorModifier$1 1/1
  Patching net/minecraft/world/level/biome/BiomeSpecialEffects$GrassColorModifier$2 1/1
  Patching net/minecraft/world/level/biome/BiomeSpecialEffects$GrassColorModifier$3 1/1
  Patching net/minecraft/world/level/biome/BiomeSpecialEffects$GrassColorModifier 1/1
  Patching net/minecraft/world/level/biome/BiomeSpecialEffects 1/1
  Patching net/minecraft/world/level/biome/MobSpawnSettings$Builder 1/1
  Patching net/minecraft/world/level/biome/MobSpawnSettings$MobSpawnCost 1/1
  Patching net/minecraft/world/level/biome/MobSpawnSettings$SpawnerData 1/1
  Patching net/minecraft/world/level/biome/MobSpawnSettings 1/1
  Patching net/minecraft/world/level/block/AttachedStemBlock 1/1
  Patching net/minecraft/world/level/block/BambooStalkBlock 1/1
  Patching net/minecraft/world/level/block/BaseFireBlock 1/1
  Patching net/minecraft/world/level/block/BaseRailBlock$1 1/1
  Patching net/minecraft/world/level/block/BaseRailBlock 1/1
  Patching net/minecraft/world/level/block/BeehiveBlock 1/1
  Patching net/minecraft/world/level/block/Block$1 1/1
  Patching net/minecraft/world/level/block/Block$2 1/1
  Patching net/minecraft/world/level/block/Block$ShapePairKey 1/1
  Patching net/minecraft/world/level/block/Block 1/1
  Patching net/minecraft/world/level/block/Blocks$1 1/1
  Patching net/minecraft/world/level/block/Blocks 1/1
  Patching net/minecraft/world/level/block/BucketPickup 1/1
  Patching net/minecraft/world/level/block/CactusBlock 1/1
  Patching net/minecraft/world/level/block/CactusFlowerBlock 1/1
  Patching net/minecraft/world/level/block/CampfireBlock 1/1
  Patching net/minecraft/world/level/block/ChestBlock$1 1/1
  Patching net/minecraft/world/level/block/ChestBlock$2$1 1/1
  Patching net/minecraft/world/level/block/ChestBlock$2 1/1
  Patching net/minecraft/world/level/block/ChestBlock$3 1/1
  Patching net/minecraft/world/level/block/ChestBlock$4 1/1
  Patching net/minecraft/world/level/block/ChestBlock 1/1
  Patching net/minecraft/world/level/block/ChorusFlowerBlock 1/1
  Patching net/minecraft/world/level/block/CocoaBlock 1/1
  Patching net/minecraft/world/level/block/ComparatorBlock 1/1
  Patching net/minecraft/world/level/block/ConcretePowderBlock 1/1
  Patching net/minecraft/world/level/block/CoralBlock 1/1
  Patching net/minecraft/world/level/block/CrafterBlock$1 1/1
  Patching net/minecraft/world/level/block/CrafterBlock 1/1
  Patching net/minecraft/world/level/block/CropBlock 1/1
  Patching net/minecraft/world/level/block/DetectorRailBlock 1/1
  Patching net/minecraft/world/level/block/DiodeBlock 1/1
  Patching net/minecraft/world/level/block/DoublePlantBlock 1/1
  Patching net/minecraft/world/level/block/DropExperienceBlock 1/1
  Patching net/minecraft/world/level/block/DropperBlock 1/1
  Patching net/minecraft/world/level/block/EnchantingTableBlock 1/1
  Patching net/minecraft/world/level/block/FarmlandBlock 1/1
  Patching net/minecraft/world/level/block/FenceGateBlock$1 1/1
  Patching net/minecraft/world/level/block/FenceGateBlock 1/1
  Patching net/minecraft/world/level/block/FireBlock 1/1
  Patching net/minecraft/world/level/block/FlowerPotBlock 1/1
  Patching net/minecraft/world/level/block/GrowingPlantHeadBlock 1/1
  Patching net/minecraft/world/level/block/LiquidBlock 1/1
  Patching net/minecraft/world/level/block/MushroomBlock 1/1
  Patching net/minecraft/world/level/block/NetherFungusBlock 1/1
  Patching net/minecraft/world/level/block/NetherWartBlock 1/1
  Patching net/minecraft/world/level/block/NoteBlock 1/1
  Patching net/minecraft/world/level/block/PitcherCropBlock$1 1/1
  Patching net/minecraft/world/level/block/PitcherCropBlock$PosAndState 1/1
  Patching net/minecraft/world/level/block/PitcherCropBlock 1/1
  Patching net/minecraft/world/level/block/PowderSnowBlock 1/1
  Patching net/minecraft/world/level/block/PoweredRailBlock$1 1/1
  Patching net/minecraft/world/level/block/PoweredRailBlock 1/1
  Patching net/minecraft/world/level/block/PumpkinBlock 1/1
  Patching net/minecraft/world/level/block/RailState$1 1/1
  Patching net/minecraft/world/level/block/RailState 1/1
  Patching net/minecraft/world/level/block/RedStoneOreBlock 1/1
  Patching net/minecraft/world/level/block/RedStoneWireBlock$1 1/1
  Patching net/minecraft/world/level/block/RedStoneWireBlock 1/1
  Patching net/minecraft/world/level/block/SaplingBlock 1/1
  Patching net/minecraft/world/level/block/SculkCatalystBlock 1/1
  Patching net/minecraft/world/level/block/SculkSensorBlock 1/1
  Patching net/minecraft/world/level/block/SculkShriekerBlock 1/1
  Patching net/minecraft/world/level/block/SoundType 1/1
  Patching net/minecraft/world/level/block/SpawnerBlock 1/1
  Patching net/minecraft/world/level/block/SpongeBlock 1/1
  Patching net/minecraft/world/level/block/SpreadingSnowyBlock 1/1
  Patching net/minecraft/world/level/block/StemBlock 1/1
  Patching net/minecraft/world/level/block/SugarCaneBlock 1/1
  Patching net/minecraft/world/level/block/SweetBerryBushBlock 1/1
  Patching net/minecraft/world/level/block/TntBlock 1/1
  Patching net/minecraft/world/level/block/TrapDoorBlock$1 1/1
  Patching net/minecraft/world/level/block/TrapDoorBlock 1/1
  Patching net/minecraft/world/level/block/TripWireBlock$1 1/1
  Patching net/minecraft/world/level/block/TripWireBlock 1/1
  Patching net/minecraft/world/level/block/TurtleEggBlock 1/1
  Patching net/minecraft/world/level/block/VegetationBlock 1/1
  Patching net/minecraft/world/level/block/VineBlock$1 1/1
  Patching net/minecraft/world/level/block/VineBlock 1/1
  Patching net/minecraft/world/level/block/entity/AbstractFurnaceBlockEntity$1 1/1
  Patching net/minecraft/world/level/block/entity/AbstractFurnaceBlockEntity 1/1
  Patching net/minecraft/world/level/block/entity/BaseContainerBlockEntity 1/1
  Patching net/minecraft/world/level/block/entity/BeaconBlockEntity$1 1/1
  Patching net/minecraft/world/level/block/entity/BeaconBlockEntity 1/1
  Patching net/minecraft/world/level/block/entity/BlockEntity$1 1/1
  Patching net/minecraft/world/level/block/entity/BlockEntity$BlockEntityPathElement 1/1
  Patching net/minecraft/world/level/block/entity/BlockEntity 1/1
  Patching net/minecraft/world/level/block/entity/BrewingStandBlockEntity$1 1/1
  Patching net/minecraft/world/level/block/entity/BrewingStandBlockEntity 1/1
  Patching net/minecraft/world/level/block/entity/ChestBlockEntity$1 1/1
  Patching net/minecraft/world/level/block/entity/ChestBlockEntity 1/1
  Patching net/minecraft/world/level/block/entity/ChiseledBookShelfBlockEntity 1/1
  Patching net/minecraft/world/level/block/entity/ConduitBlockEntity 1/1
  Patching net/minecraft/world/level/block/entity/FuelValues$Builder 1/1
  Patching net/minecraft/world/level/block/entity/FuelValues 1/1
  Patching net/minecraft/world/level/block/entity/HangingSignBlockEntity 1/1
  Patching net/minecraft/world/level/block/entity/HopperBlockEntity 1/1
  Patching net/minecraft/world/level/block/entity/ShulkerBoxBlockEntity$AnimationStatus 1/1
  Patching net/minecraft/world/level/block/entity/ShulkerBoxBlockEntity 1/1
  Patching net/minecraft/world/level/block/entity/SignBlockEntity 1/1
  Patching net/minecraft/world/level/block/entity/SpawnerBlockEntity$1 1/1
  Patching net/minecraft/world/level/block/entity/SpawnerBlockEntity 1/1
  Patching net/minecraft/world/level/block/grower/TreeGrower 1/1
  Patching net/minecraft/world/level/block/piston/PistonBaseBlock$1 1/1
  Patching net/minecraft/world/level/block/piston/PistonBaseBlock 1/1
  Patching net/minecraft/world/level/block/piston/PistonMovingBlockEntity$1 1/1
  Patching net/minecraft/world/level/block/piston/PistonMovingBlockEntity 1/1
  Patching net/minecraft/world/level/block/piston/PistonStructureResolver 1/1
  Patching net/minecraft/world/level/block/state/BlockBehaviour$1 1/1
  Patching net/minecraft/world/level/block/state/BlockBehaviour$BlockStateBase$Cache 1/1
  Patching net/minecraft/world/level/block/state/BlockBehaviour$BlockStateBase 1/1
  Patching net/minecraft/world/level/block/state/BlockBehaviour$OffsetFunction 1/1
  Patching net/minecraft/world/level/block/state/BlockBehaviour$OffsetType 1/1
  Patching net/minecraft/world/level/block/state/BlockBehaviour$PostProcess 1/1
  Patching net/minecraft/world/level/block/state/BlockBehaviour$Properties 1/1
  Patching net/minecraft/world/level/block/state/BlockBehaviour$StateArgumentPredicate 1/1
  Patching net/minecraft/world/level/block/state/BlockBehaviour$StatePredicate 1/1
  Patching net/minecraft/world/level/block/state/BlockBehaviour 1/1
  Patching net/minecraft/world/level/block/state/BlockState 1/1
  Patching net/minecraft/world/level/chunk/ChunkAccess$ChunkPathElement 1/1
  Patching net/minecraft/world/level/chunk/ChunkAccess$PackedTicks 1/1
  Patching net/minecraft/world/level/chunk/ChunkAccess 1/1
  Patching net/minecraft/world/level/chunk/ChunkGenerator 1/1
  Patching net/minecraft/world/level/chunk/ImposterProtoChunk 1/1
  Patching net/minecraft/world/level/chunk/LevelChunk$BoundTickingBlockEntity 1/1
  Patching net/minecraft/world/level/chunk/LevelChunk$EntityCreationType 1/1
  Patching net/minecraft/world/level/chunk/LevelChunk$PostLoadProcessor 1/1
  Patching net/minecraft/world/level/chunk/LevelChunk$RebindableTickingBlockEntityWrapper 1/1
  Patching net/minecraft/world/level/chunk/LevelChunk$UnsavedListener 1/1
  Patching net/minecraft/world/level/chunk/LevelChunk 1/1
  Patching net/minecraft/world/level/chunk/status/ChunkStatusTasks 1/1
  Patching net/minecraft/world/level/chunk/storage/EntityStorage 1/1
  Patching net/minecraft/world/level/dimension/end/EnderDragonFight 1/1
  Patching net/minecraft/world/level/entity/PersistentEntitySectionManager$Callback 1/1
  Patching net/minecraft/world/level/entity/PersistentEntitySectionManager$ChunkLoadStatus 1/1
  Patching net/minecraft/world/level/entity/PersistentEntitySectionManager 1/1
  Patching net/minecraft/world/level/entity/TransientEntitySectionManager$Callback 1/1
  Patching net/minecraft/world/level/entity/TransientEntitySectionManager 1/1
  Patching net/minecraft/world/level/levelgen/Beardifier$1 1/1
  Patching net/minecraft/world/level/levelgen/Beardifier$Rigid 1/1
  Patching net/minecraft/world/level/levelgen/Beardifier 1/1
  Patching net/minecraft/world/level/levelgen/DebugLevelSource 1/1
  Patching net/minecraft/world/level/levelgen/PhantomSpawner 1/1
  Patching net/minecraft/world/level/levelgen/WorldDimensions$1Entry 1/1
  Patching net/minecraft/world/level/levelgen/WorldDimensions$Complete 1/1
  Patching net/minecraft/world/level/levelgen/WorldDimensions 1/1
  Patching net/minecraft/world/level/levelgen/feature/MonsterRoomFeature 1/1
  Patching net/minecraft/world/level/levelgen/feature/treedecorators/AlterGroundDecorator 1/1
  Patching net/minecraft/world/level/levelgen/feature/trunkplacers/TrunkPlacer 1/1
  Patching net/minecraft/world/level/levelgen/structure/Structure$GenerationContext 1/1
  Patching net/minecraft/world/level/levelgen/structure/Structure$GenerationStub 1/1
  Patching net/minecraft/world/level/levelgen/structure/Structure$StructureSettings$Builder 1/1
  Patching net/minecraft/world/level/levelgen/structure/Structure$StructureSettings 1/1
  Patching net/minecraft/world/level/levelgen/structure/Structure 1/1
  Patching net/minecraft/world/level/levelgen/structure/StructurePiece$1 1/1
  Patching net/minecraft/world/level/levelgen/structure/StructurePiece$BlockSelector 1/1
  Patching net/minecraft/world/level/levelgen/structure/StructurePiece 1/1
  Patching net/minecraft/world/level/levelgen/structure/StructureStart 1/1
  Patching net/minecraft/world/level/levelgen/structure/templatesystem/StructureProcessor 1/1
  Patching net/minecraft/world/level/levelgen/structure/templatesystem/StructureTemplate$1 1/1
  Patching net/minecraft/world/level/levelgen/structure/templatesystem/StructureTemplate$JigsawBlockInfo 1/1
  Patching net/minecraft/world/level/levelgen/structure/templatesystem/StructureTemplate$Palette 1/1
  Patching net/minecraft/world/level/levelgen/structure/templatesystem/StructureTemplate$SimplePalette 1/1
  Patching net/minecraft/world/level/levelgen/structure/templatesystem/StructureTemplate$StructureBlockInfo 1/1
  Patching net/minecraft/world/level/levelgen/structure/templatesystem/StructureTemplate$StructureEntityInfo 1/1
  Patching net/minecraft/world/level/levelgen/structure/templatesystem/StructureTemplate 1/1
  Patching net/minecraft/world/level/levelgen/structure/templatesystem/StructureTemplateManager 1/1
  Patching net/minecraft/world/level/lighting/BlockLightEngine 1/1
  Patching net/minecraft/world/level/material/FlowingFluid$1 1/1
  Patching net/minecraft/world/level/material/FlowingFluid$BlockStatePairKey 1/1
  Patching net/minecraft/world/level/material/FlowingFluid$SpreadContext 1/1
  Patching net/minecraft/world/level/material/FlowingFluid 1/1
  Patching net/minecraft/world/level/material/Fluid 1/1
  Patching net/minecraft/world/level/material/FluidState 1/1
  Patching net/minecraft/world/level/material/LavaFluid$Flowing 1/1
  Patching net/minecraft/world/level/material/LavaFluid$Source 1/1
  Patching net/minecraft/world/level/material/LavaFluid 1/1
  Patching net/minecraft/world/level/pathfinder/PathType 1/1
  Patching net/minecraft/world/level/pathfinder/WalkNodeEvaluator$1 1/1
  Patching net/minecraft/world/level/pathfinder/WalkNodeEvaluator 1/1
  Patching net/minecraft/world/level/portal/PortalShape 1/1
  Patching net/minecraft/world/level/storage/LevelStorageSource$LevelCandidates 1/1
  Patching net/minecraft/world/level/storage/LevelStorageSource$LevelDirectory 1/1
  Patching net/minecraft/world/level/storage/LevelStorageSource$LevelStorageAccess$1 1/1
  Patching net/minecraft/world/level/storage/LevelStorageSource$LevelStorageAccess$2 1/1
  Patching net/minecraft/world/level/storage/LevelStorageSource$LevelStorageAccess 1/1
  Patching net/minecraft/world/level/storage/LevelStorageSource 1/1
  Patching net/minecraft/world/level/storage/LevelSummary$BackupStatus 1/1
  Patching net/minecraft/world/level/storage/LevelSummary$CorruptedLevelSummary 1/1
  Patching net/minecraft/world/level/storage/LevelSummary$SymlinkLevelSummary 1/1
  Patching net/minecraft/world/level/storage/LevelSummary 1/1
  Patching net/minecraft/world/level/storage/PlayerDataStorage 1/1
  Patching net/minecraft/world/level/storage/PrimaryLevelData$SpecialWorldProperty 1/1
  Patching net/minecraft/world/level/storage/PrimaryLevelData 1/1
  Patching net/minecraft/world/level/storage/SavedDataStorage 1/1
  Patching net/minecraft/world/level/storage/TagValueOutput$EncodeToFieldFailedProblem 1/1
  Patching net/minecraft/world/level/storage/TagValueOutput$EncodeToListFailedProblem 1/1
  Patching net/minecraft/world/level/storage/TagValueOutput$EncodeToMapFailedProblem 1/1
  Patching net/minecraft/world/level/storage/TagValueOutput$ListWrapper 1/1
  Patching net/minecraft/world/level/storage/TagValueOutput$TypedListWrapper 1/1
  Patching net/minecraft/world/level/storage/TagValueOutput 1/1
  Patching net/minecraft/world/level/storage/loot/LootContext$BlockEntityTarget 1/1
  Patching net/minecraft/world/level/storage/loot/LootContext$Builder 1/1
  Patching net/minecraft/world/level/storage/loot/LootContext$EntityTarget 1/1
  Patching net/minecraft/world/level/storage/loot/LootContext$ItemStackTarget 1/1
  Patching net/minecraft/world/level/storage/loot/LootContext$VisitedEntry 1/1
  Patching net/minecraft/world/level/storage/loot/LootContext 1/1
  Patching net/minecraft/world/level/storage/loot/LootParams$Builder 1/1
  Patching net/minecraft/world/level/storage/loot/LootParams$DynamicDrop 1/1
  Patching net/minecraft/world/level/storage/loot/LootParams 1/1
  Patching net/minecraft/world/level/storage/loot/LootPool$Builder 1/1
  Patching net/minecraft/world/level/storage/loot/LootPool 1/1
  Patching net/minecraft/world/level/storage/loot/LootTable$Builder 1/1
  Patching net/minecraft/world/level/storage/loot/LootTable 1/1
  Patching net/minecraft/world/level/storage/loot/functions/EnchantedCountIncreaseFunction$Builder 1/1
  Patching net/minecraft/world/level/storage/loot/functions/EnchantedCountIncreaseFunction 1/1
  Patching net/minecraft/world/level/storage/loot/parameters/LootContextParamSets 1/1
  Patching net/minecraft/world/level/storage/loot/predicates/LootItemRandomChanceWithEnchantedBonusCondition 1/1
  Patching net/minecraft/gametest/framework/GameTestHelper$5 1/1
  Patching net/minecraft/nbt/CompoundTag$3 1/1
  Patching net/minecraft/world/item/Items$1 1/1
  Patching net/minecraft/world/item/crafting/Ingredient$1 1/1
  Patching net/minecraft/world/item/crafting/RecipeType$2 1/1
  Patching net/minecraft/world/level/biome/BiomeSpecialEffects$GrassColorModifier$ColorModifier 1/1
  Patching net/minecraft/world/level/block/entity/AbstractFurnaceBlockEntity$2 1/1
  Patching net/minecraft/world/level/block/entity/BrewingStandBlockEntity$2 1/1
  Output: E:\Das SPRING\instances\forge26.2\.minecraft\libraries\net\minecraftforge\forge\26.2-65.0.3\forge-26.2-65.0.3-client.jar Checksum Validated: f514aeef94f72311030f84b31950f078dac3cee3
Injecting profile
Successfully installed client into launcher.
You can delete this installer file now if you wish
